stim_idx,stimulus_num,stimulus_name,valence_score,arousal_score,v_quartile,a_quartile
0,1,stimulus_1,2.2222,5.5556,0,1
1,2,stimulus_2,3.6667,5.3333,1,1
2,3,stimulus_3,6.4444,6.5556,2,3
3,4,stimulus_4,5.1111,4.3333,1,0
4,5,stimulus_5,2.5556,6.7778,0,3
5,6,stimulus_6,6.4444,5.6667,2,1
6,7,stimulus_7,4.5556,4.5556,1,0
7,8,stimulus_8,6.7778,4.0,3,0
8,9,stimulus_9,3.3333,5.0,0,0
9,10,stimulus_10,7.8889,7.6667,3,3
10,11,stimulus_11,7.6667,6.7778,3,3
11,12,stimulus_12,6.6667,5.2222,2,1
12,13,stimulus_13,8.4444,6.8889,3,3
13,14,stimulus_14,6.0,5.8889,2,2
14,15,stimulus_15,3.3333,6.6667,0,3
15,16,stimulus_16,6.8889,7.1111,3,3
16,17,stimulus_17,7.1111,6.3333,3,2
17,18,stimulus_18,3.1111,6.2222,0,2
18,19,stimulus_19,6.7778,6.1111,3,2
19,20,stimulus_20,6.4444,6.4444,2,3
20,21,stimulus_21,1.7778,6.3333,0,2
21,22,stimulus_22,4.7778,7.3333,1,3
22,23,stimulus_23,7.3333,6.2222,3,2
23,24,stimulus_24,3.8889,5.7778,1,1
24,25,stimulus_25,2.8889,5.4444,0,1
25,26,stimulus_26,8.0,5.2222,3,1
26,27,stimulus_27,2.7778,5.8889,0,2
27,28,stimulus_28,1.4444,5.3333,0,1
28,29,stimulus_29,6.8889,6.3333,3,2
29,30,stimulus_30,1.8889,6.1111,0,2
30,31,stimulus_31,3.2222,6.0,0,2
31,32,stimulus_32,5.8889,5.8889,2,2
32,33,stimulus_33,6.3333,5.8889,2,2
33,34,stimulus_34,6.1111,5.8889,2,2
34,35,stimulus_35,7.0,5.8889,3,2
35,36,stimulus_36,5.7778,5.4444,2,1
36,37,stimulus_37,7.1111,6.4444,3,3
37,38,stimulus_38,5.8889,6.1111,2,2
38,39,stimulus_39,5.8889,5.1111,2,0
39,40,stimulus_40,7.5556,5.7778,3,1
40,41,stimulus_41,6.7778,5.6667,3,1
41,42,stimulus_42,4.8889,5.4444,1,1
42,43,stimulus_43,6.7778,5.8889,3,2
43,44,stimulus_44,6.2222,6.3333,2,2
44,45,stimulus_45,3.0,5.6667,0,1
45,46,stimulus_46,2.7778,5.3333,0,1
46,47,stimulus_47,4.1111,4.3333,1,0
47,48,stimulus_48,2.0,4.5556,0,0
48,49,stimulus_49,5.6667,5.1111,2,0
49,50,stimulus_50,6.1111,5.3333,2,1
50,51,stimulus_51,2.7778,5.1111,0,0
51,52,stimulus_52,5.2222,5.4444,1,1
52,53,stimulus_53,4.1111,4.8889,1,0
53,54,stimulus_54,4.6667,5.7778,1,1
54,55,stimulus_55,6.4444,6.6667,2,3
55,56,stimulus_56,4.8889,5.6667,1,1
56,57,stimulus_57,6.2222,7.1111,2,3
57,58,stimulus_58,7.4444,6.7778,3,3
58,59,stimulus_59,3.1111,5.1111,0,0
59,60,stimulus_60,5.0,6.3333,1,2
60,61,stimulus_61,4.6667,4.3333,1,0
61,62,stimulus_62,1.4444,4.0,0,0
62,63,stimulus_63,4.6667,4.5556,1,0
63,64,stimulus_64,5.1111,4.8889,1,0
64,65,stimulus_65,4.7778,6.3333,1,2
65,66,stimulus_66,5.4444,4.6667,1,0
66,67,stimulus_67,1.3333,3.0,0,0
67,68,stimulus_68,5.5556,5.1111,1,0
68,69,stimulus_69,6.0,5.5556,2,1
69,70,stimulus_70,5.5556,4.7778,1,0
70,71,stimulus_71,3.2222,4.7778,0,0
71,72,stimulus_72,4.1111,4.1111,1,0
72,73,stimulus_73,2.2222,5.7778,0,1
73,74,stimulus_74,7.3333,6.2222,3,2
74,75,stimulus_75,6.1111,5.2222,2,1
75,76,stimulus_76,5.2222,5.4444,1,1
76,77,stimulus_77,4.0,4.4444,1,0
77,78,stimulus_78,7.2222,5.4444,3,1
78,79,stimulus_79,2.1111,4.1111,0,0
79,80,stimulus_80,5.3333,5.3333,1,1
80,81,stimulus_81,1.4444,6.3333,0,2
81,82,stimulus_82,6.1111,5.7778,2,1
82,83,stimulus_83,7.7778,4.8889,3,0
83,84,stimulus_84,6.2222,5.5556,2,1
84,85,stimulus_85,6.0,5.6667,2,1
85,86,stimulus_86,5.5556,5.5556,1,1
86,87,stimulus_87,7.0,5.3333,3,1
87,88,stimulus_88,6.1111,5.5556,2,1
88,89,stimulus_89,2.7778,5.4444,0,1
89,90,stimulus_90,7.3333,5.5556,3,1
90,91,stimulus_91,6.1111,5.5556,2,1
91,92,stimulus_92,6.0,5.7778,2,1
92,93,stimulus_93,5.5556,6.2222,1,2
93,94,stimulus_94,6.7778,4.8889,3,0
94,95,stimulus_95,2.0,5.7778,0,1
95,96,stimulus_96,2.6667,6.6667,0,3
96,97,stimulus_97,4.0,6.1111,1,2
97,98,stimulus_98,7.7778,5.3333,3,1
98,99,stimulus_99,5.5556,6.0,1,2
99,100,stimulus_100,8.0,7.1111,3,3
100,101,stimulus_101,8.0,6.8889,3,3
101,102,stimulus_102,6.7778,5.8889,3,2
102,103,stimulus_103,5.4444,4.5556,1,0
103,104,stimulus_104,1.7778,4.5556,0,0
104,105,stimulus_105,4.1111,5.4444,1,1
105,106,stimulus_106,3.7778,4.6667,1,0
106,107,stimulus_107,1.2222,5.7778,0,1
107,108,stimulus_108,6.0,6.1111,2,2
108,109,stimulus_109,2.4444,6.3333,0,2
109,110,stimulus_110,7.0,5.7778,3,1
110,111,stimulus_111,6.7778,6.1111,3,2
111,112,stimulus_112,6.1111,6.7778,2,3
112,113,stimulus_113,7.2222,5.5556,3,1
113,114,stimulus_114,5.6667,5.7778,2,1
114,115,stimulus_115,5.3333,6.0,1,2
115,116,stimulus_116,6.8889,5.7778,3,1
116,117,stimulus_117,4.6667,4.0,1,0
117,118,stimulus_118,4.4444,5.4444,1,1
118,119,stimulus_119,3.4444,5.3333,0,1
119,120,stimulus_120,5.7778,4.3333,2,0
120,121,stimulus_121,5.8889,5.3333,2,1
121,122,stimulus_122,3.7778,5.5556,1,1
122,123,stimulus_123,7.6667,5.2222,3,1
123,124,stimulus_124,2.8889,3.7778,0,0
124,125,stimulus_125,7.0,5.8889,3,2
125,126,stimulus_126,8.3333,6.3333,3,2
126,127,stimulus_127,2.1111,6.5556,0,3
127,128,stimulus_128,2.6667,5.7778,0,1
128,129,stimulus_129,1.6667,5.8889,0,2
129,130,stimulus_130,5.8889,6.3333,2,2
130,131,stimulus_131,5.7778,4.5556,2,0
131,132,stimulus_132,1.8889,4.8889,0,0
132,133,stimulus_133,1.6667,5.1111,0,0
133,134,stimulus_134,4.3333,5.8889,1,2
134,135,stimulus_135,1.6667,4.2222,0,0
135,136,stimulus_136,2.2222,3.6667,0,0
136,137,stimulus_137,2.2222,3.2222,0,0
137,138,stimulus_138,4.7778,4.8889,1,0
138,139,stimulus_139,4.6667,5.7778,1,1
139,140,stimulus_140,6.0,7.3333,2,3
140,141,stimulus_141,1.6667,3.3333,0,0
141,142,stimulus_142,6.2222,4.8889,2,0
142,143,stimulus_143,4.2222,4.8889,1,0
143,144,stimulus_144,5.0,4.0,1,0
144,145,stimulus_145,4.0,7.0,1,3
145,146,stimulus_146,7.2222,7.5556,3,3
146,147,stimulus_147,6.5556,6.2222,2,2
147,148,stimulus_148,5.2222,7.1111,1,3
148,149,stimulus_149,8.3333,6.3333,3,2
149,150,stimulus_150,5.8889,5.8889,2,2
150,151,stimulus_151,8.0,5.8889,3,2
151,152,stimulus_152,8.3333,7.1111,3,3
152,153,stimulus_153,1.7778,5.1111,0,0
153,154,stimulus_154,1.2222,5.0,0,0
154,155,stimulus_155,4.4444,5.0,1,0
155,156,stimulus_156,5.2222,6.7778,1,3
156,157,stimulus_157,5.2222,6.8889,1,3
157,158,stimulus_158,1.8889,5.4444,0,1
158,159,stimulus_159,3.4444,5.4444,0,1
159,160,stimulus_160,4.6667,5.8889,1,2
160,161,stimulus_161,8.1111,5.8889,3,2
161,162,stimulus_162,7.1111,7.5556,3,3
162,163,stimulus_163,8.1111,6.4444,3,3
163,164,stimulus_164,7.4444,5.4444,3,1
164,165,stimulus_165,8.3333,6.1111,3,2
165,166,stimulus_166,1.1111,6.2222,0,2
166,167,stimulus_167,8.1111,6.4444,3,3
167,168,stimulus_168,6.2222,5.0,2,0
168,169,stimulus_169,4.1111,5.5556,1,1
169,170,stimulus_170,3.4444,7.7778,0,3
170,171,stimulus_171,6.2222,6.1111,2,2
171,172,stimulus_172,7.6667,5.7778,3,1
172,173,stimulus_173,6.5556,5.8889,2,2
173,174,stimulus_174,5.2222,5.5556,1,1
174,175,stimulus_175,5.7778,6.5556,2,3
175,176,stimulus_176,7.3333,7.7778,3,3
176,177,stimulus_177,6.4444,6.3333,2,2
177,178,stimulus_178,6.3333,4.3333,2,0
178,179,stimulus_179,3.8889,4.0,1,0
179,180,stimulus_180,6.3333,6.3333,2,2
180,181,stimulus_181,1.0,5.3333,0,1
181,182,stimulus_182,7.5556,7.5556,3,3
182,183,stimulus_183,6.4444,6.7778,2,3
183,184,stimulus_184,8.7778,6.7778,3,3
184,185,stimulus_185,6.6667,6.7778,2,3
185,186,stimulus_186,1.3333,3.6667,0,0
186,187,stimulus_187,1.0,5.0,0,0
187,188,stimulus_188,7.4444,5.3333,3,1
188,189,stimulus_189,2.2222,7.4444,0,3
189,190,stimulus_190,1.7778,6.2222,0,2
190,191,stimulus_191,6.7778,6.0,3,2
191,192,stimulus_192,8.2222,6.8889,3,3
192,193,stimulus_193,6.6667,5.2222,2,1
193,194,stimulus_194,6.5556,5.1111,2,0
194,195,stimulus_195,1.3333,5.5556,0,1
195,196,stimulus_196,7.7778,5.8889,3,2
196,197,stimulus_197,1.2222,6.6667,0,3
197,198,stimulus_198,7.2222,5.1111,3,0
198,199,stimulus_199,6.6667,6.2222,2,2
199,200,stimulus_200,5.8889,7.0,2,3
200,201,stimulus_201,6.3333,5.5556,2,1
201,202,stimulus_202,5.4444,6.6667,1,3
202,203,stimulus_203,5.1111,3.7778,1,0
203,204,stimulus_204,8.0,5.7778,3,1
204,205,stimulus_205,6.8889,7.0,3,3
205,206,stimulus_206,7.4444,6.6667,3,3
206,207,stimulus_207,7.1111,6.5556,3,3
207,208,stimulus_208,1.8889,5.5556,0,1
208,209,stimulus_209,4.7778,6.3333,1,2
209,210,stimulus_210,5.4444,6.0,1,2
210,211,stimulus_211,3.0,5.5556,0,1
211,212,stimulus_212,5.5556,5.4444,1,1
212,213,stimulus_213,1.2222,5.4444,0,1
213,214,stimulus_214,2.8889,4.8889,0,0
214,215,stimulus_215,7.0,6.4444,3,3
215,216,stimulus_216,1.8889,6.1111,0,2
216,217,stimulus_217,7.2222,6.5556,3,3
217,218,stimulus_218,1.2222,6.2222,0,2
218,219,stimulus_219,8.3333,7.3333,3,3
219,220,stimulus_220,6.5556,7.0,2,3
220,221,stimulus_221,5.0,6.2222,1,2
221,222,stimulus_222,2.5556,6.5556,0,3
222,223,stimulus_223,2.8889,6.7778,0,3
223,224,stimulus_224,6.2222,6.1111,2,2
224,225,stimulus_225,3.2222,3.4444,0,0
225,226,stimulus_226,1.3333,4.8889,0,0
226,227,stimulus_227,6.0,5.4444,2,1
227,228,stimulus_228,7.8889,7.7778,3,3
228,229,stimulus_229,5.6667,7.1111,2,3
229,230,stimulus_230,7.4444,7.5556,3,3
230,231,stimulus_231,3.8889,6.4444,1,3
231,232,stimulus_232,7.3333,6.7778,3,3
232,233,stimulus_233,5.2222,6.7778,1,3
233,234,stimulus_234,2.0,7.7778,0,3
234,235,stimulus_235,1.4444,5.2222,0,1
235,236,stimulus_236,1.5556,4.5556,0,0
236,237,stimulus_237,7.3333,7.1111,3,3
237,238,stimulus_238,1.1111,6.4444,0,3
238,239,stimulus_239,4.5556,7.1111,1,3
239,240,stimulus_240,1.4444,6.1111,0,2
240,241,stimulus_241,5.7778,5.7778,2,1
241,242,stimulus_242,5.4444,5.7778,1,1
242,243,stimulus_243,2.1111,5.5556,0,1
243,244,stimulus_244,2.3333,5.2222,0,1
244,245,stimulus_245,5.8889,5.3333,2,1
245,246,stimulus_246,6.0,6.2222,2,2
246,247,stimulus_247,6.1111,5.7778,2,1
247,248,stimulus_248,5.8889,6.4444,2,3
248,249,stimulus_249,2.4444,5.8889,0,2
249,250,stimulus_250,4.5556,5.5556,1,1
250,251,stimulus_251,7.0,7.0,3,3
251,252,stimulus_252,1.8889,5.6667,0,1
252,253,stimulus_253,7.2222,7.0,3,3
253,254,stimulus_254,4.7778,5.2222,1,1
254,255,stimulus_255,7.0,4.7778,3,0
255,256,stimulus_256,7.4444,6.8889,3,3
256,257,stimulus_257,5.7778,5.5556,2,1
257,258,stimulus_258,7.7778,6.7778,3,3
258,259,stimulus_259,1.8889,6.6667,0,3
259,260,stimulus_260,6.8889,6.6667,3,3
260,261,stimulus_261,7.0,6.4444,3,3
261,262,stimulus_262,4.5556,6.6667,1,3
262,263,stimulus_263,6.4444,4.6667,2,0
263,264,stimulus_264,7.1111,6.6667,3,3
264,265,stimulus_265,6.2222,5.7778,2,1
265,266,stimulus_266,1.2222,7.4444,0,3
266,267,stimulus_267,6.7778,5.5556,3,1
267,268,stimulus_268,2.8889,4.0,0,0
268,269,stimulus_269,3.5556,7.7778,0,3
269,270,stimulus_270,5.2222,6.7778,1,3
270,271,stimulus_271,1.3333,6.4444,0,3
271,272,stimulus_272,3.6667,6.1111,1,2
272,273,stimulus_273,7.4444,6.5556,3,3
273,274,stimulus_274,7.2222,5.0,3,0
274,275,stimulus_275,7.4444,6.7778,3,3
275,276,stimulus_276,3.2222,5.7778,0,1
276,277,stimulus_277,6.8889,6.1111,3,2
277,278,stimulus_278,2.3333,4.8889,0,0
278,279,stimulus_279,2.0,4.7778,0,0
279,280,stimulus_280,6.5556,7.2222,2,3
280,281,stimulus_281,6.4444,6.5556,2,3
281,282,stimulus_282,4.1111,5.1111,1,0
282,283,stimulus_283,5.5556,6.2222,1,2
283,284,stimulus_284,5.6667,5.6667,2,1
284,285,stimulus_285,4.3333,4.0,1,0
285,286,stimulus_286,6.5556,6.0,2,2
286,287,stimulus_287,6.5556,6.8889,2,3
287,288,stimulus_288,1.3333,2.7778,0,0
288,289,stimulus_289,7.8889,6.8889,3,3
289,290,stimulus_290,6.1111,4.3333,2,0
290,291,stimulus_291,7.7778,6.6667,3,3
291,292,stimulus_292,8.2222,5.8889,3,2
292,293,stimulus_293,7.3333,6.1111,3,2
293,294,stimulus_294,5.7778,6.2222,2,2
294,295,stimulus_295,7.7778,6.7778,3,3
295,296,stimulus_296,7.3333,5.6667,3,1
296,297,stimulus_297,6.7778,5.7778,3,1
297,298,stimulus_298,6.4444,4.5556,2,0
298,299,stimulus_299,2.4444,5.1111,0,0
299,300,stimulus_300,4.7778,4.7778,1,0
300,301,stimulus_301,7.0,5.6667,3,1
301,302,stimulus_302,6.6667,6.6667,2,3
302,303,stimulus_303,5.7778,5.2222,2,1
303,304,stimulus_304,7.2222,5.3333,3,1
304,305,stimulus_305,6.1111,5.1111,2,0
305,306,stimulus_306,2.2222,4.7778,0,0
306,307,stimulus_307,8.2222,6.0,3,2
307,308,stimulus_308,2.4444,6.7778,0,3
308,309,stimulus_309,6.2222,6.5556,2,3
309,310,stimulus_310,5.7778,6.3333,2,2
310,311,stimulus_311,6.2222,6.1111,2,2
311,312,stimulus_312,3.3333,6.2222,0,2
312,313,stimulus_313,3.7778,6.3333,1,2
313,314,stimulus_314,5.8889,6.2222,2,2
314,315,stimulus_315,6.8889,5.5556,3,1
315,316,stimulus_316,2.7778,7.5556,0,3
316,317,stimulus_317,6.8889,6.4444,3,3
317,318,stimulus_318,5.3333,6.0,1,2
318,319,stimulus_319,7.7778,5.7778,3,1
319,320,stimulus_320,7.3333,7.4444,3,3
320,321,stimulus_321,7.8889,6.7778,3,3
321,322,stimulus_322,7.8889,6.1111,3,2
322,323,stimulus_323,7.3333,6.3333,3,2
323,324,stimulus_324,4.0,7.0,1,3
324,325,stimulus_325,7.3333,6.6667,3,3
325,326,stimulus_326,3.8889,4.6667,1,0
326,327,stimulus_327,5.8889,6.6667,2,3
327,328,stimulus_328,7.7778,6.5556,3,3
328,329,stimulus_329,3.0,5.8889,0,2
329,330,stimulus_330,6.3333,6.6667,2,3
330,331,stimulus_331,8.2222,6.2222,3,2
331,332,stimulus_332,2.6667,5.8889,0,2
332,333,stimulus_333,4.4444,5.5556,1,1
333,334,stimulus_334,4.1111,5.2222,1,1
334,335,stimulus_335,2.8889,4.2222,0,0
335,336,stimulus_336,5.8889,6.4444,2,3
336,337,stimulus_337,6.7778,7.3333,3,3
337,338,stimulus_338,3.6667,6.4444,1,3
338,339,stimulus_339,7.2222,4.1111,3,0
339,340,stimulus_340,5.1111,5.1111,1,0
340,341,stimulus_341,5.0,5.6667,1,1
341,342,stimulus_342,5.7778,6.3333,2,2
342,343,stimulus_343,5.8889,5.7778,2,1
343,344,stimulus_344,7.5556,4.8889,3,0
344,345,stimulus_345,1.2222,5.2222,0,1
345,346,stimulus_346,6.3333,5.2222,2,1
346,347,stimulus_347,6.5556,6.4444,2,3
347,348,stimulus_348,7.8889,4.4444,3,0
348,349,stimulus_349,6.3333,6.5556,2,3
349,350,stimulus_350,5.4444,4.6667,1,0
350,351,stimulus_351,3.6667,4.3333,1,0
351,352,stimulus_352,3.1111,5.7778,0,1
352,353,stimulus_353,8.1111,7.3333,3,3
353,354,stimulus_354,7.8889,4.6667,3,0
354,355,stimulus_355,1.3333,6.5556,0,3
355,356,stimulus_356,7.6667,5.8889,3,2
356,357,stimulus_357,6.6667,6.2222,2,2
357,358,stimulus_358,7.2222,6.5556,3,3
358,359,stimulus_359,5.3333,5.8889,1,2
359,360,stimulus_360,6.4444,5.0,2,0
360,361,stimulus_361,5.7778,5.1111,2,0
361,362,stimulus_362,7.1111,6.3333,3,2
362,363,stimulus_363,2.4444,5.5556,0,1
363,364,stimulus_364,1.4444,5.8889,0,2
364,365,stimulus_365,7.2222,6.2222,3,2
365,366,stimulus_366,7.1111,5.8889,3,2
366,367,stimulus_367,4.5556,5.3333,1,1
367,368,stimulus_368,5.7778,4.8889,2,0
368,369,stimulus_369,6.4444,5.6667,2,1
369,370,stimulus_370,4.2222,5.8889,1,2
370,371,stimulus_371,3.8889,5.1111,1,0
371,372,stimulus_372,4.0,5.8889,1,2
372,373,stimulus_373,4.3333,5.3333,1,1
373,374,stimulus_374,2.4444,5.4444,0,1
374,375,stimulus_375,5.1111,6.7778,1,3
375,376,stimulus_376,5.5556,5.2222,1,1
376,377,stimulus_377,3.2222,6.0,0,2
377,378,stimulus_378,5.3333,5.1111,1,0
378,379,stimulus_379,2.7778,5.6667,0,1
379,380,stimulus_380,6.7778,6.4444,3,3
380,381,stimulus_381,7.1111,6.1111,3,2
381,382,stimulus_382,3.7778,4.5556,1,0
382,383,stimulus_383,1.1111,5.3333,0,1
383,384,stimulus_384,3.2222,5.6667,0,1
384,385,stimulus_385,4.3333,7.4444,1,3
385,386,stimulus_386,6.1111,5.1111,2,0
386,387,stimulus_387,1.4444,5.6667,0,1
387,388,stimulus_388,7.5556,6.2222,3,2
388,389,stimulus_389,2.1111,7.1111,0,3
389,390,stimulus_390,5.3333,4.2222,1,0
390,391,stimulus_391,7.6667,6.7778,3,3
391,392,stimulus_392,8.4444,6.1111,3,2
392,393,stimulus_393,2.7778,4.8889,0,0
393,394,stimulus_394,6.5556,5.5556,2,1
394,395,stimulus_395,3.7778,7.0,1,3
395,396,stimulus_396,7.0,5.7778,3,1
396,397,stimulus_397,6.3333,4.2222,2,0
397,398,stimulus_398,4.3333,5.0,1,0
398,399,stimulus_399,6.6667,4.1111,2,0
399,400,stimulus_400,7.2222,6.2222,3,2
400,401,stimulus_401,5.4444,5.4444,1,1
401,402,stimulus_402,6.4444,5.3333,2,1
402,403,stimulus_403,7.5556,4.5556,3,0
403,404,stimulus_404,6.5556,5.2222,2,1
404,405,stimulus_405,6.7778,5.0,3,0
405,406,stimulus_406,1.5556,4.5556,0,0
406,407,stimulus_407,6.0,5.0,2,0
407,408,stimulus_408,4.0,5.7778,1,1
408,409,stimulus_409,7.0,7.2222,3,3
409,410,stimulus_410,6.7778,4.5556,3,0
410,411,stimulus_411,7.2222,6.5556,3,3
411,412,stimulus_412,5.6667,5.6667,2,1
412,413,stimulus_413,6.7778,3.8889,3,0
413,414,stimulus_414,2.0,4.6667,0,0
414,415,stimulus_415,6.4444,4.8889,2,0
415,416,stimulus_416,6.1111,5.7778,2,1
416,417,stimulus_417,2.1111,6.7778,0,3
417,418,stimulus_418,7.4444,3.8889,3,0
418,419,stimulus_419,5.3333,6.8889,1,3
419,420,stimulus_420,6.7778,6.1111,3,2
420,421,stimulus_421,7.3333,3.1111,3,0
421,422,stimulus_422,2.2222,6.6667,0,3
422,423,stimulus_423,3.3333,5.7778,0,1
423,424,stimulus_424,5.4444,5.7778,1,1
424,425,stimulus_425,7.8889,6.2222,3,2
425,426,stimulus_426,8.1111,6.8889,3,3
426,427,stimulus_427,6.3333,5.5556,2,1
427,428,stimulus_428,5.4444,6.3333,1,2
428,429,stimulus_429,7.4444,6.4444,3,3
429,430,stimulus_430,6.0,6.6667,2,3
430,431,stimulus_431,6.7778,6.4444,3,3
431,432,stimulus_432,7.0,6.4444,3,3
432,433,stimulus_433,6.2222,6.4444,2,3
433,434,stimulus_434,1.3333,5.3333,0,1
434,435,stimulus_435,2.8889,6.3333,0,2
435,436,stimulus_436,3.3333,6.0,0,2
436,437,stimulus_437,1.6667,6.3333,0,2
437,438,stimulus_438,6.8889,5.0,3,0
438,439,stimulus_439,2.2222,5.5556,0,1
439,440,stimulus_440,4.8889,4.8889,1,0
440,441,stimulus_441,1.4444,3.1111,0,0
441,442,stimulus_442,5.3333,6.5556,1,3
442,443,stimulus_443,2.2222,6.2222,0,2
443,444,stimulus_444,2.5556,5.3333,0,1
444,445,stimulus_445,7.5556,6.5556,3,3
445,446,stimulus_446,6.7778,5.6667,3,1
446,447,stimulus_447,5.6667,6.3333,2,2
447,448,stimulus_448,5.0,6.6667,1,3
448,449,stimulus_449,6.4444,6.3333,2,2
449,450,stimulus_450,1.6667,6.0,0,2
450,451,stimulus_451,2.2222,6.6667,0,3
451,452,stimulus_452,7.1111,7.0,3,3
452,453,stimulus_453,4.8889,4.7778,1,0
453,454,stimulus_454,7.1111,6.3333,3,2
454,455,stimulus_455,4.1111,4.3333,1,0
455,456,stimulus_456,6.4444,6.2222,2,2
456,457,stimulus_457,5.3333,5.3333,1,1
457,458,stimulus_458,8.3333,6.8889,3,3
458,459,stimulus_459,4.4444,6.1111,1,2
459,460,stimulus_460,2.7778,6.5556,0,3
460,461,stimulus_461,1.6667,6.4444,0,3
461,462,stimulus_462,7.2222,6.2222,3,2
462,463,stimulus_463,6.6667,5.5556,2,1
463,464,stimulus_464,1.6667,5.1111,0,0
464,465,stimulus_465,7.4444,8.0,3,3
465,466,stimulus_466,2.8889,5.3333,0,1
466,467,stimulus_467,6.1111,6.0,2,2
467,468,stimulus_468,5.7778,5.5556,2,1
468,469,stimulus_469,6.6667,7.0,2,3
469,470,stimulus_470,5.3333,5.7778,1,1
470,471,stimulus_471,6.2222,5.3333,2,1
471,472,stimulus_472,7.8889,5.8889,3,2
472,473,stimulus_473,5.8889,6.2222,2,2
473,474,stimulus_474,1.2222,6.6667,0,3
474,475,stimulus_475,4.4444,6.3333,1,2
475,476,stimulus_476,6.4444,7.1111,2,3
476,477,stimulus_477,3.8889,5.5556,1,1
477,478,stimulus_478,6.3333,7.2222,2,3
478,479,stimulus_479,8.5556,5.7778,3,1
479,480,stimulus_480,8.6667,7.0,3,3
480,481,stimulus_481,2.1111,6.0,0,2
481,482,stimulus_482,2.3333,6.0,0,2
482,483,stimulus_483,7.4444,5.7778,3,1
483,484,stimulus_484,4.7778,5.2222,1,1
484,485,stimulus_485,4.7778,5.6667,1,1
485,486,stimulus_486,5.5556,5.7778,1,1
486,487,stimulus_487,6.6667,6.5556,2,3
487,488,stimulus_488,5.1111,5.0,1,0
488,489,stimulus_489,2.0,6.8889,0,3
489,490,stimulus_490,2.0,5.3333,0,1
490,491,stimulus_491,5.7778,5.4444,2,1
491,492,stimulus_492,3.0,4.7778,0,0
492,493,stimulus_493,6.6667,5.7778,2,1
493,494,stimulus_494,2.3333,5.3333,0,1
494,495,stimulus_495,3.1111,4.5556,0,0
495,496,stimulus_496,5.4444,6.1111,1,2
496,497,stimulus_497,4.7778,5.7778,1,1
497,498,stimulus_498,5.0,5.4444,1,1
498,499,stimulus_499,4.7778,5.8889,1,2
499,500,stimulus_500,4.0,6.7778,1,3
500,501,stimulus_501,7.1111,7.0,3,3
501,502,stimulus_502,4.8889,5.6667,1,1
502,503,stimulus_503,6.5556,6.4444,2,3
503,504,stimulus_504,3.8889,6.4444,1,3
504,505,stimulus_505,4.2222,5.4444,1,1
505,506,stimulus_506,6.3333,6.4444,2,3
506,507,stimulus_507,7.2222,5.2222,3,1
507,508,stimulus_508,4.5556,5.0,1,0
508,509,stimulus_509,5.3333,6.3333,1,2
509,510,stimulus_510,3.6667,5.0,1,0
510,511,stimulus_511,6.7778,6.6667,3,3
511,512,stimulus_512,1.7778,4.6667,0,0
512,513,stimulus_513,2.6667,5.0,0,0
513,514,stimulus_514,1.6667,5.1111,0,0
514,515,stimulus_515,7.5556,5.4444,3,1
515,516,stimulus_516,6.7778,7.0,3,3
516,517,stimulus_517,4.0,7.0,1,3
517,518,stimulus_518,7.2222,5.0,3,0
518,519,stimulus_519,8.1111,4.5556,3,0
519,520,stimulus_520,6.2222,5.4444,2,1
520,521,stimulus_521,7.2222,5.4444,3,1
521,522,stimulus_522,2.2222,6.4444,0,3
522,523,stimulus_523,4.2222,4.2222,1,0
523,524,stimulus_524,1.3333,6.8889,0,3
524,525,stimulus_525,6.4444,5.6667,2,1
525,526,stimulus_526,6.3333,6.2222,2,2
526,527,stimulus_527,6.5556,4.8889,2,0
527,528,stimulus_528,6.7778,4.2222,3,0
528,529,stimulus_529,1.2222,5.1111,0,0
529,530,stimulus_530,8.6667,6.0,3,2
530,531,stimulus_531,7.1111,6.1111,3,2
531,532,stimulus_532,2.1111,5.0,0,0
532,533,stimulus_533,5.5556,6.7778,1,3
533,534,stimulus_534,8.0,6.5556,3,3
534,535,stimulus_535,7.4444,5.4444,3,1
535,536,stimulus_536,2.7778,6.6667,0,3
536,537,stimulus_537,6.1111,6.0,2,2
537,538,stimulus_538,6.0,6.1111,2,2
538,539,stimulus_539,7.8889,7.7778,3,3
539,540,stimulus_540,7.4444,6.8889,3,3
540,541,stimulus_541,6.0,5.6667,2,1
541,542,stimulus_542,6.3333,5.1111,2,0
542,543,stimulus_543,7.3333,5.2222,3,1
543,544,stimulus_544,5.1111,5.8889,1,2
544,545,stimulus_545,6.1111,5.4444,2,1
545,546,stimulus_546,6.6667,7.0,2,3
546,547,stimulus_547,3.1111,5.4444,0,1
547,548,stimulus_548,2.7778,5.5556,0,1
548,549,stimulus_549,6.2222,5.3333,2,1
549,550,stimulus_550,6.1111,7.8889,2,3
550,551,stimulus_551,1.4444,3.6667,0,0
551,552,stimulus_552,4.1111,4.5556,1,0
552,553,stimulus_553,6.7778,6.2222,3,2
553,554,stimulus_554,2.3333,5.1111,0,0
554,555,stimulus_555,6.7778,6.6667,3,3
555,556,stimulus_556,5.4444,5.1111,1,0
556,557,stimulus_557,4.8889,5.4444,1,1
557,558,stimulus_558,3.1111,6.4444,0,3
558,559,stimulus_559,5.5556,5.7778,1,1
559,560,stimulus_560,7.8889,6.3333,3,2
560,561,stimulus_561,7.1111,6.3333,3,2
561,562,stimulus_562,6.0,5.5556,2,1
562,563,stimulus_563,3.5556,5.1111,0,0
563,564,stimulus_564,2.6667,4.3333,0,0
564,565,stimulus_565,1.1111,5.6667,0,1
565,566,stimulus_566,2.3333,6.1111,0,2
566,567,stimulus_567,6.1111,6.7778,2,3
567,568,stimulus_568,3.7778,6.7778,1,3
568,569,stimulus_569,5.5556,4.8889,1,0
569,570,stimulus_570,7.4444,6.7778,3,3
570,571,stimulus_571,6.8889,5.6667,3,1
571,572,stimulus_572,4.8889,6.0,1,2
572,573,stimulus_573,8.2222,5.4444,3,1
573,574,stimulus_574,8.3333,7.1111,3,3
574,575,stimulus_575,5.2222,6.0,1,2
575,576,stimulus_576,7.6667,6.7778,3,3
576,577,stimulus_577,7.4444,4.4444,3,0
577,578,stimulus_578,5.7778,5.3333,2,1
578,579,stimulus_579,7.5556,5.8889,3,2
579,580,stimulus_580,6.4444,5.4444,2,1
580,581,stimulus_581,5.7778,4.7778,2,0
581,582,stimulus_582,4.6667,5.0,1,0
582,583,stimulus_583,4.0,5.3333,1,1
583,584,stimulus_584,7.5556,4.6667,3,0
584,585,stimulus_585,4.4444,5.7778,1,1
585,586,stimulus_586,5.4444,4.8889,1,0
586,587,stimulus_587,6.2222,5.7778,2,1
587,588,stimulus_588,3.4444,5.4444,0,1
588,589,stimulus_589,4.0,6.8889,1,3
589,590,stimulus_590,7.2222,4.2222,3,0
590,591,stimulus_591,6.8889,5.4444,3,1
591,592,stimulus_592,6.3333,5.7778,2,1
592,593,stimulus_593,7.5556,6.3333,3,2
593,594,stimulus_594,5.0,5.6667,1,1
594,595,stimulus_595,1.8889,6.8889,0,3
595,596,stimulus_596,2.2222,3.4444,0,0
596,597,stimulus_597,8.6667,6.6667,3,3
597,598,stimulus_598,3.8889,7.3333,1,3
598,599,stimulus_599,4.1111,6.5556,1,3
599,600,stimulus_600,3.7778,5.1111,1,0
600,601,stimulus_601,5.5556,5.5556,1,1
601,602,stimulus_602,5.1111,5.3333,1,1
602,603,stimulus_603,3.6667,7.1111,1,3
603,604,stimulus_604,2.5556,7.0,0,3
604,605,stimulus_605,7.0,5.7778,3,1
605,606,stimulus_606,1.2222,7.0,0,3
606,607,stimulus_607,3.8889,5.7778,1,1
607,608,stimulus_608,5.5556,6.0,1,2
608,609,stimulus_609,6.7778,6.8889,3,3
609,610,stimulus_610,3.7778,4.4444,1,0
610,611,stimulus_611,3.5556,6.2222,0,2
611,612,stimulus_612,5.7778,6.5556,2,3
612,613,stimulus_613,5.8889,6.3333,2,2
613,614,stimulus_614,5.3333,6.1111,1,2
614,615,stimulus_615,2.3333,5.3333,0,1
615,616,stimulus_616,7.0,5.8889,3,2
616,617,stimulus_617,7.5556,5.3333,3,1
617,618,stimulus_618,6.7778,5.4444,3,1
618,619,stimulus_619,6.2222,6.0,2,2
619,620,stimulus_620,6.5556,5.1111,2,0
620,621,stimulus_621,5.7778,6.3333,2,2
621,622,stimulus_622,5.7778,5.1111,2,0
622,623,stimulus_623,5.0,5.4444,1,1
623,624,stimulus_624,3.7778,5.3333,1,1
624,625,stimulus_625,6.8889,5.7778,3,1
625,626,stimulus_626,6.3333,6.6667,2,3
626,627,stimulus_627,8.3333,6.8889,3,3
627,628,stimulus_628,7.2222,4.2222,3,0
628,629,stimulus_629,4.4444,5.6667,1,1
629,630,stimulus_630,7.5556,6.4444,3,3
630,631,stimulus_631,6.3333,5.5556,2,1
631,632,stimulus_632,2.7778,5.5556,0,1
632,633,stimulus_633,4.1111,5.6667,1,1
633,634,stimulus_634,1.2222,6.3333,0,2
634,635,stimulus_635,8.2222,5.3333,3,1
635,636,stimulus_636,6.4444,4.5556,2,0
636,637,stimulus_637,7.2222,5.8889,3,2
637,638,stimulus_638,7.5556,6.1111,3,2
638,639,stimulus_639,6.0,5.7778,2,1
639,640,stimulus_640,6.8889,5.6667,3,1
640,641,stimulus_641,7.2222,6.6667,3,3
641,642,stimulus_642,6.4444,7.1111,2,3
642,643,stimulus_643,1.4444,5.7778,0,1
643,644,stimulus_644,1.2222,5.1111,0,0
644,645,stimulus_645,7.6667,6.7778,3,3
645,646,stimulus_646,1.1111,6.5556,0,3
646,647,stimulus_647,1.2222,7.1111,0,3
647,648,stimulus_648,5.6667,8.0,2,3
648,649,stimulus_649,6.0,6.5556,2,3
649,650,stimulus_650,6.1111,5.3333,2,1
650,651,stimulus_651,5.6667,6.1111,2,2
651,652,stimulus_652,2.2222,4.7778,0,0
652,653,stimulus_653,6.6667,6.2222,2,2
653,654,stimulus_654,6.4444,5.5556,2,1
654,655,stimulus_655,5.6667,7.6667,2,3
655,656,stimulus_656,6.1111,6.3333,2,2
656,657,stimulus_657,6.0,5.2222,2,1
657,658,stimulus_658,4.1111,5.0,1,0
658,659,stimulus_659,5.8889,5.5556,2,1
659,660,stimulus_660,7.6667,6.3333,3,2
660,661,stimulus_661,4.4444,5.4444,1,1
661,662,stimulus_662,6.7778,6.5556,3,3
662,663,stimulus_663,6.6667,6.2222,2,2
663,664,stimulus_664,5.5556,5.4444,1,1
664,665,stimulus_665,4.5556,5.1111,1,0
665,666,stimulus_666,8.3333,6.1111,3,2
666,667,stimulus_667,1.4444,4.8889,0,0
667,668,stimulus_668,3.5556,5.1111,0,0
668,669,stimulus_669,5.7778,6.1111,2,2
669,670,stimulus_670,7.1111,5.7778,3,1
670,671,stimulus_671,6.6667,4.8889,2,0
671,672,stimulus_672,6.5556,6.3333,2,2
672,673,stimulus_673,2.6667,5.0,0,0
673,674,stimulus_674,1.5556,6.7778,0,3
674,675,stimulus_675,6.6667,6.7778,2,3
675,676,stimulus_676,7.3333,7.4444,3,3
676,677,stimulus_677,4.3333,6.3333,1,2
677,678,stimulus_678,7.2222,6.2222,3,2
678,679,stimulus_679,4.0,4.5556,1,0
679,680,stimulus_680,7.4444,5.8889,3,2
680,681,stimulus_681,2.0,5.5556,0,1
681,682,stimulus_682,7.7778,5.6667,3,1
682,683,stimulus_683,7.7778,6.1111,3,2
683,684,stimulus_684,4.8889,6.1111,1,2
684,685,stimulus_685,6.5556,5.8889,2,2
685,686,stimulus_686,5.0,6.5556,1,3
686,687,stimulus_687,4.0,5.6667,1,1
687,688,stimulus_688,7.6667,6.5556,3,3
688,689,stimulus_689,6.4444,5.4444,2,1
689,690,stimulus_690,2.7778,6.7778,0,3
690,691,stimulus_691,6.3333,4.6667,2,0
691,692,stimulus_692,3.7778,4.1111,1,0
692,693,stimulus_693,3.5556,4.0,0,0
693,694,stimulus_694,3.7778,4.7778,1,0
694,695,stimulus_695,3.8889,3.5556,1,0
695,696,stimulus_696,4.4444,4.4444,1,0
696,697,stimulus_697,4.7778,5.1111,1,0
697,698,stimulus_698,3.5556,6.7778,0,3
698,699,stimulus_699,1.3333,5.8889,0,2
699,700,stimulus_700,3.6667,5.0,1,0
700,701,stimulus_701,6.0,7.8889,2,3
701,702,stimulus_702,7.5556,5.5556,3,1
702,703,stimulus_703,4.0,4.1111,1,0
703,704,stimulus_704,5.7778,4.0,2,0
704,705,stimulus_705,6.3333,5.7778,2,1
705,706,stimulus_706,2.3333,6.5556,0,3
706,707,stimulus_707,2.7778,3.7778,0,0
707,708,stimulus_708,7.6667,5.8889,3,2
708,709,stimulus_709,6.5556,7.5556,2,3
709,710,stimulus_710,5.7778,3.2222,2,0
710,711,stimulus_711,6.5556,5.7778,2,1
711,712,stimulus_712,6.7778,6.7778,3,3
712,713,stimulus_713,1.7778,4.0,0,0
713,714,stimulus_714,6.0,5.5556,2,1
714,715,stimulus_715,7.1111,4.8889,3,0
715,716,stimulus_716,4.8889,4.7778,1,0
716,717,stimulus_717,1.6667,5.6667,0,1
717,718,stimulus_718,5.8889,3.0,2,0
718,719,stimulus_719,3.3333,7.0,0,3
719,720,stimulus_720,3.0,5.3333,0,1
720,721,stimulus_721,6.1111,6.0,2,2
721,722,stimulus_722,4.0,6.2222,1,2
722,723,stimulus_723,4.2222,5.1111,1,0
723,724,stimulus_724,2.6667,5.8889,0,2
724,725,stimulus_725,6.7778,5.7778,3,1
725,726,stimulus_726,5.3333,4.0,1,0
726,727,stimulus_727,2.0,5.6667,0,1
727,728,stimulus_728,5.6667,4.4444,2,0
728,729,stimulus_729,4.5556,4.2222,1,0
729,730,stimulus_730,2.5556,6.2222,0,2
730,731,stimulus_731,5.1111,6.1111,1,2
731,732,stimulus_732,6.2222,6.6667,2,3
732,733,stimulus_733,3.8889,5.5556,1,1
733,734,stimulus_734,5.5556,6.0,1,2
734,735,stimulus_735,5.5556,5.0,1,0
735,736,stimulus_736,2.7778,6.0,0,2
736,737,stimulus_737,5.6667,5.2222,2,1
737,738,stimulus_738,5.2222,6.1111,1,2
738,739,stimulus_739,7.4444,6.3333,3,2
739,740,stimulus_740,5.2222,4.2222,1,0
740,741,stimulus_741,5.2222,5.2222,1,1
741,742,stimulus_742,5.8889,6.1111,2,2
742,743,stimulus_743,7.1111,5.0,3,0
743,744,stimulus_744,1.7778,6.1111,0,2
744,745,stimulus_745,6.8889,7.0,3,3
745,746,stimulus_746,1.1111,5.6667,0,1
746,747,stimulus_747,4.7778,5.1111,1,0
747,748,stimulus_748,4.0,4.8889,1,0
748,749,stimulus_749,8.0,8.4444,3,3
749,750,stimulus_750,1.0,7.2222,0,3
750,751,stimulus_751,7.8889,5.4444,3,1
751,752,stimulus_752,5.5556,4.1111,1,0
752,753,stimulus_753,8.1111,8.1111,3,3
753,754,stimulus_754,4.5556,5.8889,1,2
754,755,stimulus_755,5.7778,6.0,2,2
755,756,stimulus_756,1.5556,5.6667,0,1
756,757,stimulus_757,6.8889,5.5556,3,1
757,758,stimulus_758,3.7778,3.6667,1,0
758,759,stimulus_759,2.3333,5.6667,0,1
759,760,stimulus_760,2.4444,6.1111,0,2
760,761,stimulus_761,5.0,6.3333,1,2
761,762,stimulus_762,6.7778,6.3333,3,2
762,763,stimulus_763,5.7778,4.0,2,0
763,764,stimulus_764,4.1111,6.5556,1,3
764,765,stimulus_765,4.1111,6.2222,1,2
765,766,stimulus_766,7.1111,6.2222,3,2
766,767,stimulus_767,2.6667,5.7778,0,1
767,768,stimulus_768,3.3333,5.2222,0,1
768,769,stimulus_769,7.3333,5.3333,3,1
769,770,stimulus_770,4.4444,5.4444,1,1
770,771,stimulus_771,7.2222,5.4444,3,1
771,772,stimulus_772,7.6667,7.3333,3,3
772,773,stimulus_773,7.1111,5.4444,3,1
773,774,stimulus_774,5.6667,6.5556,2,3
774,775,stimulus_775,6.7778,5.8889,3,2
775,776,stimulus_776,1.8889,6.5556,0,3
776,777,stimulus_777,1.1111,6.8889,0,3
777,778,stimulus_778,2.4444,5.6667,0,1
778,779,stimulus_779,7.0,4.1111,3,0
779,780,stimulus_780,7.3333,5.6667,3,1
780,781,stimulus_781,1.6667,4.5556,0,0
781,782,stimulus_782,4.0,6.8889,1,3
782,783,stimulus_783,4.3333,5.2222,1,1
783,784,stimulus_784,6.3333,5.7778,2,1
784,785,stimulus_785,6.3333,7.2222,2,3
785,786,stimulus_786,7.6667,5.0,3,0
786,787,stimulus_787,3.8889,5.6667,1,1
787,788,stimulus_788,7.7778,6.4444,3,3
788,789,stimulus_789,7.4444,6.2222,3,2
789,790,stimulus_790,1.2222,6.5556,0,3
790,791,stimulus_791,4.1111,4.8889,1,0
791,792,stimulus_792,1.5556,6.1111,0,2
792,793,stimulus_793,3.7778,5.1111,1,0
793,794,stimulus_794,6.6667,5.7778,2,1
794,795,stimulus_795,7.6667,5.6667,3,1
795,796,stimulus_796,6.3333,6.5556,2,3
796,797,stimulus_797,4.2222,5.5556,1,1
797,798,stimulus_798,7.8889,7.4444,3,3
798,799,stimulus_799,7.3333,5.8889,3,2
799,800,stimulus_800,7.3333,5.5556,3,1
800,801,stimulus_801,6.4444,5.8889,2,2
801,802,stimulus_802,6.4444,5.8889,2,2
802,803,stimulus_803,3.3333,4.1111,0,0
803,804,stimulus_804,2.1111,4.2222,0,0
804,805,stimulus_805,5.3333,5.7778,1,1
805,806,stimulus_806,4.8889,4.7778,1,0
806,807,stimulus_807,6.3333,5.5556,2,1
807,808,stimulus_808,3.1111,7.0,0,3
808,809,stimulus_809,3.1111,4.5556,0,0
809,810,stimulus_810,4.5556,5.1111,1,0
810,811,stimulus_811,3.0,6.0,0,2
811,812,stimulus_812,5.2222,5.8889,1,2
812,813,stimulus_813,1.8889,6.3333,0,2
813,814,stimulus_814,4.5556,6.0,1,2
814,815,stimulus_815,5.3333,3.5556,1,0
815,816,stimulus_816,5.3333,6.2222,1,2
816,817,stimulus_817,6.1111,6.4444,2,3
817,818,stimulus_818,5.0,5.0,1,0
818,819,stimulus_819,5.3333,7.0,1,3
819,820,stimulus_820,8.4444,7.2222,3,3
820,821,stimulus_821,2.5556,4.2222,0,0
821,822,stimulus_822,5.7778,6.5556,2,3
822,823,stimulus_823,4.7778,5.5556,1,1
823,824,stimulus_824,4.1111,5.8889,1,2
824,825,stimulus_825,6.3333,6.4444,2,3
825,826,stimulus_826,1.7778,3.8889,0,0
826,827,stimulus_827,3.1111,6.0,0,2
827,828,stimulus_828,7.5556,6.8889,3,3
828,829,stimulus_829,1.7778,5.6667,0,1
829,830,stimulus_830,7.6667,6.0,3,2
830,831,stimulus_831,5.1111,6.3333,1,2
831,832,stimulus_832,6.7778,7.2222,3,3
832,833,stimulus_833,5.8889,6.4444,2,3
833,834,stimulus_834,3.2222,6.3333,0,2
834,835,stimulus_835,3.6667,5.8889,1,2
835,836,stimulus_836,1.1111,4.3333,0,0
836,837,stimulus_837,6.3333,6.0,2,2
837,838,stimulus_838,7.3333,6.4444,3,3
838,839,stimulus_839,2.3333,5.3333,0,1
839,840,stimulus_840,6.8889,6.8889,3,3
840,841,stimulus_841,2.1111,4.8889,0,0
841,842,stimulus_842,7.2222,7.4444,3,3
842,843,stimulus_843,4.5556,6.1111,1,2
843,844,stimulus_844,4.5556,5.8889,1,2
844,845,stimulus_845,3.3333,7.1111,0,3
845,846,stimulus_846,4.0,6.2222,1,2
846,847,stimulus_847,5.6667,6.3333,2,2
847,848,stimulus_848,7.5556,5.4444,3,1
848,849,stimulus_849,2.5556,3.7778,0,0
849,850,stimulus_850,2.8889,3.2222,0,0
850,851,stimulus_851,6.2222,6.0,2,2
851,852,stimulus_852,6.4444,7.5556,2,3
852,853,stimulus_853,4.4444,5.6667,1,1
853,854,stimulus_854,4.6667,5.2222,1,1
854,855,stimulus_855,2.8889,5.4444,0,1
855,856,stimulus_856,2.3333,6.0,0,2
856,857,stimulus_857,2.2222,4.5556,0,0
857,858,stimulus_858,6.8889,5.7778,3,1
858,859,stimulus_859,7.2222,5.7778,3,1
859,860,stimulus_860,3.6667,5.0,1,0
860,861,stimulus_861,1.7778,6.0,0,2
861,862,stimulus_862,6.6667,6.1111,2,2
862,863,stimulus_863,3.1111,4.7778,0,0
863,864,stimulus_864,5.8889,4.7778,2,0
864,865,stimulus_865,1.7778,6.0,0,2
865,866,stimulus_866,1.0,7.1111,0,3
866,867,stimulus_867,5.3333,3.7778,1,0
867,868,stimulus_868,7.2222,5.3333,3,1
868,869,stimulus_869,2.1111,7.3333,0,3
869,870,stimulus_870,5.7778,4.6667,2,0
870,871,stimulus_871,4.6667,7.1111,1,3
871,872,stimulus_872,4.3333,4.4444,1,0
872,873,stimulus_873,5.2222,4.1111,1,0
873,874,stimulus_874,1.8889,5.4444,0,1
874,875,stimulus_875,6.3333,6.5556,2,3
875,876,stimulus_876,1.6667,3.1111,0,0
876,877,stimulus_877,1.8889,5.1111,0,0
877,878,stimulus_878,6.4444,5.6667,2,1
878,879,stimulus_879,6.0,5.8889,2,2
879,880,stimulus_880,6.7778,5.0,3,0
880,881,stimulus_881,5.5556,5.5556,1,1
881,882,stimulus_882,4.7778,5.3333,1,1
882,883,stimulus_883,6.6667,6.0,2,2
883,884,stimulus_884,7.3333,5.6667,3,1
884,885,stimulus_885,3.7778,6.1111,1,2
885,886,stimulus_886,2.7778,6.1111,0,2
886,887,stimulus_887,1.6667,6.7778,0,3
887,888,stimulus_888,2.8889,5.1111,0,0
888,889,stimulus_889,2.3333,6.1111,0,2
889,890,stimulus_890,3.6667,7.2222,1,3
890,891,stimulus_891,5.8889,3.8889,2,0
891,892,stimulus_892,7.0,5.8889,3,2
892,893,stimulus_893,6.1111,5.5556,2,1
893,894,stimulus_894,7.1111,6.3333,3,2
894,895,stimulus_895,3.8889,6.3333,1,2
895,896,stimulus_896,7.1111,6.0,3,2
896,897,stimulus_897,7.6667,6.5556,3,3
897,898,stimulus_898,7.7778,5.6667,3,1
898,899,stimulus_899,7.0,7.2222,3,3
899,900,stimulus_900,5.3333,7.8889,1,3
900,901,stimulus_901,4.6667,5.3333,1,1
901,902,stimulus_902,6.6667,5.0,2,0
902,903,stimulus_903,5.7778,5.5556,2,1
903,904,stimulus_904,6.7778,4.1111,3,0
904,905,stimulus_905,1.6667,5.4444,0,1
905,906,stimulus_906,6.8889,6.0,3,2
906,907,stimulus_907,3.6667,5.6667,1,1
907,908,stimulus_908,4.3333,5.8889,1,2
908,909,stimulus_909,3.0,4.8889,0,0
909,910,stimulus_910,5.0,4.5556,1,0
910,911,stimulus_911,2.3333,4.1111,0,0
911,912,stimulus_912,6.5556,4.7778,2,0
912,913,stimulus_913,3.6667,5.4444,1,1
913,914,stimulus_914,2.4444,5.4444,0,1
914,915,stimulus_915,8.0,6.5556,3,3
915,916,stimulus_916,6.7778,6.8889,3,3
916,917,stimulus_917,5.3333,4.6667,1,0
917,918,stimulus_918,8.0,5.8889,3,2
918,919,stimulus_919,7.2222,6.5556,3,3
919,920,stimulus_920,6.8889,6.7778,3,3
920,921,stimulus_921,7.7778,7.6667,3,3
921,922,stimulus_922,6.5556,6.3333,2,2
922,923,stimulus_923,8.7778,7.1111,3,3
923,924,stimulus_924,4.6667,3.7778,1,0
924,925,stimulus_925,1.6667,6.1111,0,2
925,926,stimulus_926,2.2222,4.8889,0,0
926,927,stimulus_927,7.6667,5.6667,3,1
927,928,stimulus_928,6.1111,5.0,2,0
928,929,stimulus_929,2.7778,5.4444,0,1
929,930,stimulus_930,5.8889,6.8889,2,3
930,931,stimulus_931,8.1111,6.2222,3,2
931,932,stimulus_932,8.1111,6.8889,3,3
932,933,stimulus_933,5.8889,7.0,2,3
933,934,stimulus_934,7.1111,5.4444,3,1
934,935,stimulus_935,2.1111,7.6667,0,3
935,936,stimulus_936,6.7778,6.3333,3,2
936,937,stimulus_937,1.8889,5.7778,0,1
937,938,stimulus_938,4.7778,5.5556,1,1
938,939,stimulus_939,3.6667,3.7778,1,0
939,940,stimulus_940,2.2222,5.3333,0,1
940,941,stimulus_941,5.3333,6.7778,1,3
941,942,stimulus_942,6.0,7.0,2,3
942,943,stimulus_943,7.5556,5.0,3,0
943,944,stimulus_944,7.0,6.6667,3,3
944,945,stimulus_945,5.8889,5.8889,2,2
945,946,stimulus_946,6.0,6.5556,2,3
946,947,stimulus_947,4.6667,6.4444,1,3
947,948,stimulus_948,2.5556,6.0,0,2
948,949,stimulus_949,5.3333,7.4444,1,3
949,950,stimulus_950,5.2222,6.1111,1,2
950,951,stimulus_951,5.4444,5.5556,1,1
951,952,stimulus_952,4.7778,6.3333,1,2
952,953,stimulus_953,5.6667,5.0,2,0
953,954,stimulus_954,6.7778,6.0,3,2
954,955,stimulus_955,3.0,5.0,0,0
955,956,stimulus_956,2.7778,3.3333,0,0
956,957,stimulus_957,5.6667,5.3333,2,1
957,958,stimulus_958,1.7778,5.3333,0,1
958,959,stimulus_959,5.5556,5.6667,1,1
959,960,stimulus_960,7.0,5.8889,3,2
960,961,stimulus_961,7.6667,6.7778,3,3
961,962,stimulus_962,3.2222,7.1111,0,3
962,963,stimulus_963,7.7778,6.6667,3,3
963,964,stimulus_964,7.0,6.6667,3,3
964,965,stimulus_965,1.7778,6.4444,0,3
965,966,stimulus_966,7.4444,5.3333,3,1
966,967,stimulus_967,6.8889,5.6667,3,1
967,968,stimulus_968,2.5556,4.7778,0,0
968,969,stimulus_969,6.0,6.2222,2,2
969,970,stimulus_970,6.0,6.5556,2,3
970,971,stimulus_971,1.6667,6.8889,0,3
971,972,stimulus_972,8.1111,6.5556,3,3
972,973,stimulus_973,2.8889,6.7778,0,3
973,974,stimulus_974,6.6667,6.6667,2,3
974,975,stimulus_975,3.2222,5.1111,0,0
975,976,stimulus_976,3.8889,6.4444,1,3
976,977,stimulus_977,2.7778,6.1111,0,2
977,978,stimulus_978,7.3333,5.7778,3,1
978,979,stimulus_979,4.2222,5.3333,1,1
979,980,stimulus_980,6.8889,6.6667,3,3
980,981,stimulus_981,6.8889,6.1111,3,2
981,982,stimulus_982,7.1111,7.0,3,3
982,983,stimulus_983,5.7778,6.1111,2,2
983,984,stimulus_984,6.5556,5.8889,2,2
984,985,stimulus_985,4.7778,7.0,1,3
985,986,stimulus_986,4.1111,7.2222,1,3
986,987,stimulus_987,6.0,5.5556,2,1
987,988,stimulus_988,4.2222,5.6667,1,1
988,989,stimulus_989,3.2222,4.0,0,0
989,990,stimulus_990,4.7778,5.8889,1,2
990,991,stimulus_991,1.0,3.6667,0,0
991,992,stimulus_992,8.2222,7.2222,3,3
992,993,stimulus_993,7.7778,6.3333,3,2
993,994,stimulus_994,3.3333,5.5556,0,1
994,995,stimulus_995,6.0,5.0,2,0
995,996,stimulus_996,7.6667,7.1111,3,3
996,997,stimulus_997,8.3333,8.6667,3,3
997,998,stimulus_998,6.1111,4.8889,2,0
998,999,stimulus_999,2.7778,2.8889,0,0
999,1000,stimulus_1000,7.3333,6.1111,3,2
1000,1001,stimulus_1001,3.4444,5.7778,0,1
1001,1002,stimulus_1002,7.1111,6.0,3,2
1002,1003,stimulus_1003,5.8889,4.0,2,0
1003,1004,stimulus_1004,1.5556,4.5556,0,0
1004,1005,stimulus_1005,7.7778,5.3333,3,1
1005,1006,stimulus_1006,6.6667,5.3333,2,1
1006,1007,stimulus_1007,7.7778,6.5556,3,3
1007,1008,stimulus_1008,7.2222,8.5556,3,3
1008,1009,stimulus_1009,7.8889,5.8889,3,2
1009,1010,stimulus_1010,3.7778,5.1111,1,0
1010,1011,stimulus_1011,5.8889,6.0,2,2
1011,1012,stimulus_1012,7.5556,5.8889,3,2
1012,1013,stimulus_1013,6.5556,5.2222,2,1
1013,1014,stimulus_1014,2.0,7.0,0,3
1014,1015,stimulus_1015,1.8889,5.3333,0,1
1015,1016,stimulus_1016,8.0,3.5556,3,0
1016,1017,stimulus_1017,4.8889,5.7778,1,1
1017,1018,stimulus_1018,6.7778,4.4444,3,0
1018,1019,stimulus_1019,1.8889,5.3333,0,1
1019,1020,stimulus_1020,5.2222,6.4444,1,3
1020,1021,stimulus_1021,3.0,5.7778,0,1
1021,1022,stimulus_1022,6.5556,4.3333,2,0
1022,1023,stimulus_1023,5.6667,5.3333,2,1
1023,1024,stimulus_1024,4.7778,4.5556,1,0
1024,1025,stimulus_1025,7.1111,5.7778,3,1
1025,1026,stimulus_1026,1.4444,5.8889,0,2
1026,1027,stimulus_1027,4.0,5.3333,1,1
1027,1028,stimulus_1028,4.1111,5.5556,1,1
1028,1029,stimulus_1029,7.1111,5.6667,3,1
1029,1030,stimulus_1030,5.7778,5.5556,2,1
1030,1031,stimulus_1031,6.7778,5.2222,3,1
1031,1032,stimulus_1032,8.2222,5.8889,3,2
1032,1033,stimulus_1033,5.7778,5.5556,2,1
1033,1034,stimulus_1034,8.3333,5.8889,3,2
1034,1035,stimulus_1035,5.3333,5.2222,1,1
1035,1036,stimulus_1036,6.2222,6.0,2,2
1036,1037,stimulus_1037,3.5556,6.3333,0,2
1037,1038,stimulus_1038,7.3333,7.8889,3,3
1038,1039,stimulus_1039,6.5556,6.5556,2,3
1039,1040,stimulus_1040,6.2222,6.7778,2,3
1040,1041,stimulus_1041,4.7778,5.5556,1,1
1041,1042,stimulus_1042,2.3333,6.6667,0,3
1042,1043,stimulus_1043,7.5556,6.7778,3,3
1043,1044,stimulus_1044,2.5556,4.8889,0,0
1044,1045,stimulus_1045,7.6667,5.5556,3,1
1045,1046,stimulus_1046,5.4444,5.7778,1,1
1046,1047,stimulus_1047,7.6667,6.4444,3,3
1047,1048,stimulus_1048,8.1111,6.5556,3,3
1048,1049,stimulus_1049,6.5556,5.0,2,0
1049,1050,stimulus_1050,7.4444,6.0,3,2
1050,1051,stimulus_1051,6.8889,7.1111,3,3
1051,1052,stimulus_1052,3.1111,5.5556,0,1
1052,1053,stimulus_1053,6.8889,6.1111,3,2
1053,1054,stimulus_1054,6.2222,6.8889,2,3
1054,1055,stimulus_1055,6.3333,5.5556,2,1
1055,1056,stimulus_1056,7.1111,6.6667,3,3
1056,1057,stimulus_1057,3.4444,6.2222,0,2
1057,1058,stimulus_1058,6.0,6.1111,2,2
1058,1059,stimulus_1059,6.6667,5.6667,2,1
1059,1060,stimulus_1060,7.3333,6.0,3,2
1060,1061,stimulus_1061,7.6667,6.1111,3,2
1061,1062,stimulus_1062,7.0,5.4444,3,1
1062,1063,stimulus_1063,6.2222,6.3333,2,2
1063,1064,stimulus_1064,4.8889,4.3333,1,0
1064,1065,stimulus_1065,4.3333,6.5556,1,3
1065,1066,stimulus_1066,3.7778,5.2222,1,1
1066,1067,stimulus_1067,6.2222,5.6667,2,1
1067,1068,stimulus_1068,5.8889,5.6667,2,1
1068,1069,stimulus_1069,6.2222,6.4444,2,3
1069,1070,stimulus_1070,4.6667,5.1111,1,0
1070,1071,stimulus_1071,8.7778,4.8889,3,0
1071,1072,stimulus_1072,4.6667,6.7778,1,3
1072,1073,stimulus_1073,4.3333,7.1111,1,3
1073,1074,stimulus_1074,8.0,5.8889,3,2
1074,1075,stimulus_1075,5.5556,4.7778,1,0
1075,1076,stimulus_1076,4.5556,7.4444,1,3
1076,1077,stimulus_1077,5.3333,5.3333,1,1
1077,1078,stimulus_1078,5.7778,5.1111,2,0
1078,1079,stimulus_1079,1.8889,6.5556,0,3
1079,1080,stimulus_1080,7.8889,6.4444,3,3
1080,1081,stimulus_1081,5.8889,4.4444,2,0
1081,1082,stimulus_1082,6.5556,6.4444,2,3
1082,1083,stimulus_1083,7.0,6.6667,3,3
1083,1084,stimulus_1084,7.0,6.3333,3,2
1084,1085,stimulus_1085,5.5556,5.4444,1,1
1085,1086,stimulus_1086,8.0,7.0,3,3
1086,1087,stimulus_1087,6.3333,5.4444,2,1
1087,1088,stimulus_1088,5.0,5.1111,1,0
1088,1089,stimulus_1089,6.0,6.1111,2,2
1089,1090,stimulus_1090,2.3333,4.2222,0,0
1090,1091,stimulus_1091,5.3333,6.4444,1,3
1091,1092,stimulus_1092,7.3333,6.1111,3,2
1092,1093,stimulus_1093,7.6667,6.0,3,2
1093,1094,stimulus_1094,4.8889,6.6667,1,3
1094,1095,stimulus_1095,3.3333,5.8889,0,2
1095,1096,stimulus_1096,3.3333,6.0,0,2
1096,1097,stimulus_1097,7.5556,6.6667,3,3
1097,1098,stimulus_1098,6.8889,6.0,3,2
1098,1099,stimulus_1099,6.3333,7.1111,2,3
1099,1100,stimulus_1100,6.2222,6.1111,2,2
1100,1101,stimulus_1101,2.7778,5.3333,0,1
1101,1102,stimulus_1102,7.4444,6.8889,3,3
1102,1103,stimulus_1103,1.6667,6.3333,0,2
1103,1104,stimulus_1104,5.3333,5.7778,1,1
1104,1105,stimulus_1105,7.1111,6.2222,3,2
1105,1106,stimulus_1106,5.6667,5.1111,2,0
1106,1107,stimulus_1107,7.7778,7.4444,3,3
1107,1108,stimulus_1108,6.4444,6.6667,2,3
1108,1109,stimulus_1109,3.2222,6.7778,0,3
1109,1110,stimulus_1110,6.7778,6.6667,3,3
1110,1111,stimulus_1111,1.8889,6.2222,0,2
1111,1112,stimulus_1112,8.3333,7.0,3,3
1112,1113,stimulus_1113,8.4444,5.8889,3,2
1113,1114,stimulus_1114,2.7778,6.8889,0,3
1114,1115,stimulus_1115,3.0,6.8889,0,3
1115,1116,stimulus_1116,5.8889,5.8889,2,2
1116,1117,stimulus_1117,2.8889,3.8889,0,0
1117,1118,stimulus_1118,2.8889,4.8889,0,0
1118,1119,stimulus_1119,2.6667,6.2222,0,2
1119,1120,stimulus_1120,6.7778,6.6667,3,3
1120,1121,stimulus_1121,6.5556,7.5556,2,3
1121,1122,stimulus_1122,2.2222,5.3333,0,1
1122,1123,stimulus_1123,1.3333,4.0,0,0
1123,1124,stimulus_1124,7.4444,6.7778,3,3
1124,1125,stimulus_1125,6.4444,6.1111,2,2
1125,1126,stimulus_1126,1.5556,5.3333,0,1
1126,1127,stimulus_1127,8.3333,5.5556,3,1
1127,1128,stimulus_1128,6.5556,6.3333,2,2
1128,1129,stimulus_1129,5.4444,5.4444,1,1
1129,1130,stimulus_1130,6.7778,5.2222,3,1
1130,1131,stimulus_1131,7.2222,6.6667,3,3
1131,1132,stimulus_1132,5.4444,5.7778,1,1
1132,1133,stimulus_1133,7.6667,6.8889,3,3
1133,1134,stimulus_1134,4.6667,6.2222,1,2
1134,1135,stimulus_1135,3.5556,5.7778,0,1
1135,1136,stimulus_1136,2.8889,5.5556,0,1
1136,1137,stimulus_1137,2.3333,5.1111,0,0
1137,1138,stimulus_1138,5.0,5.1111,1,0
1138,1139,stimulus_1139,4.7778,5.8889,1,2
1139,1140,stimulus_1140,3.8889,6.2222,1,2
1140,1141,stimulus_1141,6.1111,6.7778,2,3
1141,1142,stimulus_1142,4.0,5.2222,1,1
1142,1143,stimulus_1143,5.4444,6.5556,1,3
1143,1144,stimulus_1144,4.1111,7.2222,1,3
1144,1145,stimulus_1145,7.0,6.4444,3,3
1145,1146,stimulus_1146,6.8889,6.3333,3,2
1146,1147,stimulus_1147,4.2222,5.6667,1,1
1147,1148,stimulus_1148,6.0,6.1111,2,2
1148,1149,stimulus_1149,3.8889,6.7778,1,3
1149,1150,stimulus_1150,4.4444,6.4444,1,3
1150,1151,stimulus_1151,7.0,6.6667,3,3
1151,1152,stimulus_1152,7.1111,7.3333,3,3
1152,1153,stimulus_1153,7.0,6.8889,3,3
1153,1154,stimulus_1154,7.2222,5.4444,3,1
1154,1155,stimulus_1155,5.2222,6.0,1,2
1155,1156,stimulus_1156,4.2222,5.4444,1,1
1156,1157,stimulus_1157,7.8889,4.2222,3,0
1157,1158,stimulus_1158,7.4444,5.7778,3,1
1158,1159,stimulus_1159,7.7778,6.7778,3,3
1159,1160,stimulus_1160,2.3333,7.3333,0,3
1160,1161,stimulus_1161,4.6667,4.6667,1,0
1161,1162,stimulus_1162,6.4444,5.6667,2,1
1162,1163,stimulus_1163,7.3333,7.4444,3,3
1163,1164,stimulus_1164,2.5556,4.1111,0,0
1164,1165,stimulus_1165,2.3333,6.4444,0,3
1165,1166,stimulus_1166,6.0,5.5556,2,1
1166,1167,stimulus_1167,6.5556,6.4444,2,3
1167,1168,stimulus_1168,7.7778,7.4444,3,3
1168,1169,stimulus_1169,4.0,6.3333,1,2
1169,1170,stimulus_1170,1.4444,4.3333,0,0
1170,1171,stimulus_1171,5.5556,5.1111,1,0
1171,1172,stimulus_1172,2.8889,6.7778,0,3
1172,1173,stimulus_1173,7.7778,7.4444,3,3
1173,1174,stimulus_1174,1.2222,5.7778,0,1
1174,1175,stimulus_1175,6.7778,7.0,3,3
1175,1176,stimulus_1176,3.4444,4.5556,0,0
1176,1177,stimulus_1177,2.7778,2.0,0,0
1177,1178,stimulus_1178,6.2222,5.1111,2,0
1178,1179,stimulus_1179,7.1111,6.8889,3,3
1179,1180,stimulus_1180,7.4444,5.7778,3,1
1180,1181,stimulus_1181,3.1111,6.1111,0,2
1181,1182,stimulus_1182,3.5556,3.4444,0,0
1182,1183,stimulus_1183,1.8889,5.8889,0,2
1183,1184,stimulus_1184,1.4444,4.7778,0,0
1184,1185,stimulus_1185,2.2222,5.4444,0,1
1185,1186,stimulus_1186,4.4444,7.6667,1,3
1186,1187,stimulus_1187,7.8889,6.0,3,2
1187,1188,stimulus_1188,7.5556,6.2222,3,2
1188,1189,stimulus_1189,1.7778,6.2222,0,2
1189,1190,stimulus_1190,2.1111,4.8889,0,0
1190,1191,stimulus_1191,6.7778,6.4444,3,3
1191,1192,stimulus_1192,6.3333,6.1111,2,2
1192,1193,stimulus_1193,7.5556,6.0,3,2
1193,1194,stimulus_1194,1.3333,6.0,0,2
1194,1195,stimulus_1195,5.7778,7.2222,2,3
1195,1196,stimulus_1196,3.0,5.6667,0,1
1196,1197,stimulus_1197,3.7778,7.3333,1,3
1197,1198,stimulus_1198,6.0,7.3333,2,3
1198,1199,stimulus_1199,1.1111,6.3333,0,2
1199,1200,stimulus_1200,6.4444,6.2222,2,2
1200,1201,stimulus_1201,5.4444,5.1111,1,0
1201,1202,stimulus_1202,2.8889,5.6667,0,1
1202,1203,stimulus_1203,2.4444,5.4444,0,1
1203,1204,stimulus_1204,3.0,5.2222,0,1
1204,1205,stimulus_1205,7.2222,6.5556,3,3
1205,1206,stimulus_1206,5.3333,5.3333,1,1
1206,1207,stimulus_1207,8.2222,6.2222,3,2
1207,1208,stimulus_1208,2.6667,4.6667,0,0
1208,1209,stimulus_1209,7.4444,4.7778,3,0
1209,1210,stimulus_1210,7.0,6.0,3,2
1210,1211,stimulus_1211,5.7778,4.8889,2,0
1211,1212,stimulus_1212,2.7778,6.4444,0,3
1212,1213,stimulus_1213,7.3333,6.5556,3,3
1213,1214,stimulus_1214,2.8889,7.0,0,3
1214,1215,stimulus_1215,5.7778,5.6667,2,1
1215,1216,stimulus_1216,7.1111,4.8889,3,0
1216,1217,stimulus_1217,2.1111,6.1111,0,2
1217,1218,stimulus_1218,6.3333,6.6667,2,3
1218,1219,stimulus_1219,3.7778,6.4444,1,3
1219,1220,stimulus_1220,5.0,5.0,1,0
1220,1221,stimulus_1221,2.0,6.3333,0,2
1221,1222,stimulus_1222,2.2222,5.3333,0,1
1222,1223,stimulus_1223,6.0,5.1111,2,0
1223,1224,stimulus_1224,2.2222,6.2222,0,2
1224,1225,stimulus_1225,4.3333,5.5556,1,1
1225,1226,stimulus_1226,2.2222,6.5556,0,3
1226,1227,stimulus_1227,3.1111,6.5556,0,3
1227,1228,stimulus_1228,6.3333,6.0,2,2
1228,1229,stimulus_1229,3.4444,6.2222,0,2
1229,1230,stimulus_1230,6.3333,4.3333,2,0
1230,1231,stimulus_1231,3.4444,7.4444,0,3
1231,1232,stimulus_1232,8.3333,4.7778,3,0
1232,1233,stimulus_1233,4.5556,5.3333,1,1
1233,1234,stimulus_1234,3.6667,7.4444,1,3
1234,1235,stimulus_1235,3.0,7.4444,0,3
1235,1236,stimulus_1236,7.8889,5.7778,3,1
1236,1237,stimulus_1237,2.6667,7.3333,0,3
1237,1238,stimulus_1238,6.4444,5.2222,2,1
1238,1239,stimulus_1239,5.6667,6.4444,2,3
1239,1240,stimulus_1240,7.0,5.6667,3,1
1240,1241,stimulus_1241,6.2222,7.1111,2,3
1241,1242,stimulus_1242,7.2222,6.4444,3,3
1242,1243,stimulus_1243,7.0,7.0,3,3
1243,1244,stimulus_1244,4.7778,6.8889,1,3
1244,1245,stimulus_1245,7.6667,6.5556,3,3
1245,1246,stimulus_1246,8.1111,6.4444,3,3
1246,1247,stimulus_1247,6.6667,7.0,2,3
1247,1248,stimulus_1248,8.1111,7.8889,3,3
1248,1249,stimulus_1249,5.5556,5.4444,1,1
1249,1250,stimulus_1250,4.6667,6.0,1,2
1250,1251,stimulus_1251,5.0,5.3333,1,1
1251,1252,stimulus_1252,6.7778,7.1111,3,3
1252,1253,stimulus_1253,7.0,6.8889,3,3
1253,1254,stimulus_1254,4.0,4.0,1,0
1254,1255,stimulus_1255,6.8889,6.3333,3,2
1255,1256,stimulus_1256,5.7778,4.7778,2,0
1256,1257,stimulus_1257,6.4444,6.6667,2,3
1257,1258,stimulus_1258,4.1111,6.6667,1,3
1258,1259,stimulus_1259,2.1111,5.7778,0,1
1259,1260,stimulus_1260,2.6667,6.7778,0,3
1260,1261,stimulus_1261,4.7778,6.0,1,2
1261,1262,stimulus_1262,4.2222,3.7778,1,0
1262,1263,stimulus_1263,8.4444,6.3333,3,2
1263,1264,stimulus_1264,3.7778,6.3333,1,2
1264,1265,stimulus_1265,4.2222,5.6667,1,1
1265,1266,stimulus_1266,3.6667,5.3333,1,1
1266,1267,stimulus_1267,8.1111,5.4444,3,1
1267,1268,stimulus_1268,2.0,6.2222,0,2
1268,1269,stimulus_1269,7.8889,6.4444,3,3
1269,1270,stimulus_1270,7.8889,5.7778,3,1
1270,1271,stimulus_1271,1.1111,7.2222,0,3
1271,1272,stimulus_1272,7.8889,5.5556,3,1
1272,1273,stimulus_1273,7.2222,6.0,3,2
1273,1274,stimulus_1274,5.4444,6.2222,1,2
1274,1275,stimulus_1275,1.7778,3.7778,0,0
1275,1276,stimulus_1276,2.0,6.5556,0,3
1276,1277,stimulus_1277,4.4444,6.1111,1,2
1277,1278,stimulus_1278,6.5556,6.0,2,2
1278,1279,stimulus_1279,2.0,5.7778,0,1
1279,1280,stimulus_1280,5.1111,5.6667,1,1
1280,1281,stimulus_1281,5.1111,6.6667,1,3
1281,1282,stimulus_1282,7.4444,5.8889,3,2
1282,1283,stimulus_1283,2.8889,6.1111,0,2
1283,1284,stimulus_1284,3.6667,5.5556,1,1
1284,1285,stimulus_1285,6.6667,7.0,2,3
1285,1286,stimulus_1286,1.6667,5.4444,0,1
1286,1287,stimulus_1287,6.0,5.7778,2,1
1287,1288,stimulus_1288,5.4444,5.4444,1,1
1288,1289,stimulus_1289,6.8889,5.2222,3,1
1289,1290,stimulus_1290,8.0,7.2222,3,3
1290,1291,stimulus_1291,7.0,6.3333,3,2
1291,1292,stimulus_1292,1.6667,5.7778,0,1
1292,1293,stimulus_1293,6.2222,6.3333,2,2
1293,1294,stimulus_1294,3.1111,6.1111,0,2
1294,1295,stimulus_1295,7.1111,5.3333,3,1
1295,1296,stimulus_1296,6.6667,6.6667,2,3
1296,1297,stimulus_1297,4.1111,5.6667,1,1
1297,1298,stimulus_1298,2.0,4.8889,0,0
1298,1299,stimulus_1299,5.3333,5.6667,1,1
1299,1300,stimulus_1300,8.0,4.5556,3,0
1300,1301,stimulus_1301,5.0,5.4444,1,1
1301,1302,stimulus_1302,3.2222,2.8889,0,0
1302,1303,stimulus_1303,1.7778,4.2222,0,0
1303,1304,stimulus_1304,3.5556,4.8889,0,0
1304,1305,stimulus_1305,4.5556,4.5556,1,0
1305,1306,stimulus_1306,5.1111,4.8889,1,0
1306,1307,stimulus_1307,4.3333,5.8889,1,2
1307,1308,stimulus_1308,6.7778,6.4444,3,3
1308,1309,stimulus_1309,2.0,3.5556,0,0
1309,1310,stimulus_1310,1.7778,6.3333,0,2
1310,1311,stimulus_1311,7.7778,6.4444,3,3
1311,1312,stimulus_1312,6.7778,5.6667,3,1
1312,1313,stimulus_1313,2.6667,6.8889,0,3
1313,1314,stimulus_1314,5.5556,6.6667,1,3
1314,1315,stimulus_1315,6.1111,5.3333,2,1
1315,1316,stimulus_1316,6.5556,7.0,2,3
1316,1317,stimulus_1317,3.6667,5.2222,1,1
1317,1318,stimulus_1318,2.7778,7.0,0,3
1318,1319,stimulus_1319,6.6667,5.5556,2,1
1319,1320,stimulus_1320,4.0,6.0,1,2
1320,1321,stimulus_1321,5.8889,5.4444,2,1
1321,1322,stimulus_1322,5.3333,7.2222,1,3
1322,1323,stimulus_1323,2.0,6.7778,0,3
1323,1324,stimulus_1324,6.2222,6.8889,2,3
1324,1325,stimulus_1325,6.6667,6.8889,2,3
1325,1326,stimulus_1326,7.0,7.3333,3,3
1326,1327,stimulus_1327,7.0,5.2222,3,1
1327,1328,stimulus_1328,6.7778,6.3333,3,2
1328,1329,stimulus_1329,3.6667,5.6667,1,1
1329,1330,stimulus_1330,6.1111,5.8889,2,2
1330,1331,stimulus_1331,6.2222,5.7778,2,1
1331,1332,stimulus_1332,6.0,6.0,2,2
1332,1333,stimulus_1333,7.4444,6.3333,3,2
1333,1334,stimulus_1334,5.4444,4.7778,1,0
1334,1335,stimulus_1335,4.5556,5.0,1,0
1335,1336,stimulus_1336,6.2222,5.6667,2,1
1336,1337,stimulus_1337,7.6667,6.7778,3,3
1337,1338,stimulus_1338,5.5556,6.2222,1,2
1338,1339,stimulus_1339,1.0,5.4444,0,1
1339,1340,stimulus_1340,6.5556,5.7778,2,1
1340,1341,stimulus_1341,6.1111,6.3333,2,2
1341,1342,stimulus_1342,4.0,5.4444,1,1
1342,1343,stimulus_1343,5.7778,6.0,2,2
1343,1344,stimulus_1344,6.6667,5.0,2,0
1344,1345,stimulus_1345,6.1111,7.2222,2,3
1345,1346,stimulus_1346,6.5556,5.8889,2,2
1346,1347,stimulus_1347,5.5556,6.2222,1,2
1347,1348,stimulus_1348,5.0,5.6667,1,1
1348,1349,stimulus_1349,7.6667,6.6667,3,3
1349,1350,stimulus_1350,3.3333,4.4444,0,0
1350,1351,stimulus_1351,2.7778,3.7778,0,0
1351,1352,stimulus_1352,6.4444,7.0,2,3
1352,1353,stimulus_1353,8.2222,6.3333,3,2
1353,1354,stimulus_1354,6.8889,6.1111,3,2
1354,1355,stimulus_1355,2.5556,2.7778,0,0
1355,1356,stimulus_1356,5.8889,5.7778,2,1
1356,1357,stimulus_1357,6.8889,5.0,3,0
1357,1358,stimulus_1358,6.6667,5.8889,2,2
1358,1359,stimulus_1359,4.3333,4.6667,1,0
1359,1360,stimulus_1360,7.4444,4.5556,3,0
1360,1361,stimulus_1361,3.3333,6.6667,0,3
1361,1362,stimulus_1362,1.7778,6.8889,0,3
1362,1363,stimulus_1363,7.4444,5.4444,3,1
1363,1364,stimulus_1364,4.5556,7.2222,1,3
1364,1365,stimulus_1365,6.8889,7.0,3,3
1365,1366,stimulus_1366,5.7778,3.6667,2,0
1366,1367,stimulus_1367,7.0,6.0,3,2
1367,1368,stimulus_1368,7.2222,4.5556,3,0
1368,1369,stimulus_1369,6.6667,4.3333,2,0
1369,1370,stimulus_1370,7.7778,7.0,3,3
1370,1371,stimulus_1371,6.3333,5.0,2,0
1371,1372,stimulus_1372,6.7778,3.2222,3,0
1372,1373,stimulus_1373,2.1111,7.0,0,3
1373,1374,stimulus_1374,4.2222,6.5556,1,3
1374,1375,stimulus_1375,2.4444,7.5556,0,3
1375,1376,stimulus_1376,5.2222,6.5556,1,3
1376,1377,stimulus_1377,7.5556,7.6667,3,3
1377,1378,stimulus_1378,7.8889,5.0,3,0
1378,1379,stimulus_1379,7.7778,4.7778,3,0
1379,1380,stimulus_1380,7.2222,5.2222,3,1
1380,1381,stimulus_1381,7.4444,5.6667,3,1
1381,1382,stimulus_1382,4.8889,5.4444,1,1
1382,1383,stimulus_1383,7.3333,5.5556,3,1
1383,1384,stimulus_1384,4.1111,5.4444,1,1
1384,1385,stimulus_1385,6.2222,7.2222,2,3
1385,1386,stimulus_1386,5.2222,5.6667,1,1
1386,1387,stimulus_1387,7.0,6.6667,3,3
1387,1388,stimulus_1388,4.8889,5.6667,1,1
1388,1389,stimulus_1389,5.7778,5.4444,2,1
1389,1390,stimulus_1390,4.0,5.3333,1,1
1390,1391,stimulus_1391,5.4444,5.8889,1,2
1391,1392,stimulus_1392,4.4444,6.1111,1,2
1392,1393,stimulus_1393,5.0,6.1111,1,2
1393,1394,stimulus_1394,7.2222,7.5556,3,3
1394,1395,stimulus_1395,4.7778,5.8889,1,2
1395,1396,stimulus_1396,6.3333,5.0,2,0
1396,1397,stimulus_1397,4.5556,4.8889,1,0
1397,1398,stimulus_1398,6.4444,5.3333,2,1
1398,1399,stimulus_1399,6.7778,6.7778,3,3
1399,1400,stimulus_1400,6.0,6.6667,2,3
1400,1401,stimulus_1401,4.2222,6.0,1,2
1401,1402,stimulus_1402,6.1111,5.7778,2,1
1402,1403,stimulus_1403,3.4444,4.4444,0,0
1403,1404,stimulus_1404,4.4444,3.7778,1,0
1404,1405,stimulus_1405,8.1111,6.0,3,2
1405,1406,stimulus_1406,1.3333,6.5556,0,3
1406,1407,stimulus_1407,7.3333,4.6667,3,0
1407,1408,stimulus_1408,7.5556,5.1111,3,0
1408,1409,stimulus_1409,7.2222,5.1111,3,0
1409,1410,stimulus_1410,7.5556,6.4444,3,3
1410,1411,stimulus_1411,7.2222,6.1111,3,2
1411,1412,stimulus_1412,6.6667,5.4444,2,1
1412,1413,stimulus_1413,5.6667,5.6667,2,1
1413,1414,stimulus_1414,2.0,5.4444,0,1
1414,1415,stimulus_1415,6.8889,5.4444,3,1
1415,1416,stimulus_1416,8.1111,6.2222,3,2
1416,1417,stimulus_1417,8.0,5.0,3,0
1417,1418,stimulus_1418,8.2222,4.5556,3,0
1418,1419,stimulus_1419,2.5556,6.0,0,2
1419,1420,stimulus_1420,5.3333,5.1111,1,0
1420,1421,stimulus_1421,7.7778,5.7778,3,1
1421,1422,stimulus_1422,3.2222,6.6667,0,3
1422,1423,stimulus_1423,1.1111,5.0,0,0
1423,1424,stimulus_1424,6.3333,6.2222,2,2
1424,1425,stimulus_1425,2.8889,3.7778,0,0
1425,1426,stimulus_1426,6.5556,6.4444,2,3
1426,1427,stimulus_1427,7.3333,4.6667,3,0
1427,1428,stimulus_1428,6.2222,5.2222,2,1
1428,1429,stimulus_1429,8.1111,5.3333,3,1
1429,1430,stimulus_1430,5.8889,7.0,2,3
1430,1431,stimulus_1431,6.1111,6.8889,2,3
1431,1432,stimulus_1432,6.6667,6.6667,2,3
1432,1433,stimulus_1433,5.8889,5.4444,2,1
1433,1434,stimulus_1434,2.2222,6.3333,0,2
1434,1435,stimulus_1435,6.1111,5.2222,2,1
1435,1436,stimulus_1436,7.0,6.5556,3,3
1436,1437,stimulus_1437,6.2222,5.6667,2,1
1437,1438,stimulus_1438,5.5556,6.4444,1,3
1438,1439,stimulus_1439,7.7778,7.3333,3,3
1439,1440,stimulus_1440,5.0,6.4444,1,3
1440,1441,stimulus_1441,1.6667,6.2222,0,2
1441,1442,stimulus_1442,1.8889,6.6667,0,3
1442,1443,stimulus_1443,3.2222,6.0,0,2
1443,1444,stimulus_1444,7.6667,5.1111,3,0
1444,1445,stimulus_1445,6.7778,6.6667,3,3
1445,1446,stimulus_1446,6.2222,5.2222,2,1
1446,1447,stimulus_1447,6.7778,6.7778,3,3
1447,1448,stimulus_1448,4.8889,5.7778,1,1
1448,1449,stimulus_1449,6.7778,5.6667,3,1
1449,1450,stimulus_1450,3.4444,6.3333,0,2
1450,1451,stimulus_1451,5.8889,6.0,2,2
1451,1452,stimulus_1452,7.5556,5.7778,3,1
1452,1453,stimulus_1453,7.4444,6.1111,3,2
1453,1454,stimulus_1454,5.2222,6.5556,1,3
1454,1455,stimulus_1455,5.6667,5.3333,2,1
1455,1456,stimulus_1456,6.6667,6.1111,2,2
1456,1457,stimulus_1457,3.2222,5.0,0,0
1457,1458,stimulus_1458,6.2222,5.5556,2,1
1458,1459,stimulus_1459,5.6667,5.4444,2,1
1459,1460,stimulus_1460,6.7778,6.2222,3,2
1460,1461,stimulus_1461,4.6667,6.5556,1,3
1461,1462,stimulus_1462,5.4444,5.6667,1,1
1462,1463,stimulus_1463,7.1111,6.4444,3,3
1463,1464,stimulus_1464,1.3333,5.6667,0,1
1464,1465,stimulus_1465,6.4444,5.2222,2,1
1465,1466,stimulus_1466,3.1111,4.7778,0,0
1466,1467,stimulus_1467,4.7778,3.8889,1,0
1467,1468,stimulus_1468,5.5556,4.5556,1,0
1468,1469,stimulus_1469,5.0,5.3333,1,1
1469,1470,stimulus_1470,4.7778,4.1111,1,0
1470,1471,stimulus_1471,2.1111,4.8889,0,0
1471,1472,stimulus_1472,5.4444,6.1111,1,2
1472,1473,stimulus_1473,3.0,5.0,0,0
1473,1474,stimulus_1474,5.2222,5.1111,1,0
1474,1475,stimulus_1475,1.6667,4.6667,0,0
1475,1476,stimulus_1476,6.2222,5.7778,2,1
1476,1477,stimulus_1477,6.1111,6.5556,2,3
1477,1478,stimulus_1478,1.8889,6.3333,0,2
1478,1479,stimulus_1479,5.1111,4.8889,1,0
1479,1480,stimulus_1480,5.2222,5.2222,1,1
1480,1481,stimulus_1481,7.5556,5.5556,3,1
1481,1482,stimulus_1482,6.4444,7.3333,2,3
1482,1483,stimulus_1483,7.1111,5.1111,3,0
1483,1484,stimulus_1484,4.6667,5.1111,1,0
1484,1485,stimulus_1485,2.7778,5.4444,0,1
1485,1486,stimulus_1486,4.7778,5.7778,1,1
1486,1487,stimulus_1487,2.0,6.7778,0,3
1487,1488,stimulus_1488,6.7778,4.4444,3,0
1488,1489,stimulus_1489,7.7778,4.6667,3,0
1489,1490,stimulus_1490,6.1111,7.1111,2,3
1490,1491,stimulus_1491,5.6667,6.3333,2,2
1491,1492,stimulus_1492,3.4444,6.8889,0,3
1492,1493,stimulus_1493,6.7778,4.7778,3,0
1493,1494,stimulus_1494,7.2222,4.7778,3,0
1494,1495,stimulus_1495,7.3333,6.4444,3,3
1495,1496,stimulus_1496,6.0,7.7778,2,3
1496,1497,stimulus_1497,7.0,6.3333,3,2
1497,1498,stimulus_1498,7.4444,5.2222,3,1
1498,1499,stimulus_1499,6.5556,5.5556,2,1
1499,1500,stimulus_1500,7.4444,6.0,3,2
1500,1501,stimulus_1501,8.1111,7.3333,3,3
1501,1502,stimulus_1502,7.2222,7.1111,3,3
1502,1503,stimulus_1503,8.0,6.8889,3,3
1503,1504,stimulus_1504,5.8889,4.6667,2,0
1504,1505,stimulus_1505,8.1111,5.7778,3,1
1505,1506,stimulus_1506,6.6667,4.5556,2,0
1506,1507,stimulus_1507,3.2222,4.7778,0,0
1507,1508,stimulus_1508,7.2222,4.7778,3,0
1508,1509,stimulus_1509,7.1111,6.3333,3,2
1509,1510,stimulus_1510,7.4444,6.1111,3,2
1510,1511,stimulus_1511,2.4444,6.8889,0,3
1511,1512,stimulus_1512,7.6667,5.3333,3,1
1512,1513,stimulus_1513,3.6667,6.2222,1,2
1513,1514,stimulus_1514,3.0,5.8889,0,2
1514,1515,stimulus_1515,6.1111,6.8889,2,3
1515,1516,stimulus_1516,7.0,6.5556,3,3
1516,1517,stimulus_1517,4.5556,6.8889,1,3
1517,1518,stimulus_1518,3.5556,6.2222,0,2
1518,1519,stimulus_1519,2.5556,4.7778,0,0
1519,1520,stimulus_1520,6.8889,6.1111,3,2
1520,1521,stimulus_1521,6.4444,5.6667,2,1
1521,1522,stimulus_1522,4.2222,6.2222,1,2
1522,1523,stimulus_1523,6.4444,6.0,2,2
1523,1524,stimulus_1524,7.5556,5.7778,3,1
1524,1525,stimulus_1525,5.8889,5.1111,2,0
1525,1526,stimulus_1526,6.5556,6.2222,2,2
1526,1527,stimulus_1527,6.2222,7.3333,2,3
1527,1528,stimulus_1528,4.7778,5.0,1,0
1528,1529,stimulus_1529,4.6667,6.2222,1,2
1529,1530,stimulus_1530,4.6667,6.3333,1,2
1530,1531,stimulus_1531,6.3333,6.1111,2,2
1531,1532,stimulus_1532,2.5556,3.3333,0,0
1532,1533,stimulus_1533,6.5556,5.4444,2,1
1533,1534,stimulus_1534,4.6667,5.7778,1,1
1534,1535,stimulus_1535,6.3333,6.5556,2,3
1535,1536,stimulus_1536,6.3333,7.0,2,3
1536,1537,stimulus_1537,6.3333,7.2222,2,3
1537,1538,stimulus_1538,6.4444,6.4444,2,3
1538,1539,stimulus_1539,7.6667,7.6667,3,3
1539,1540,stimulus_1540,7.6667,5.5556,3,1
1540,1541,stimulus_1541,1.4444,4.5556,0,0
1541,1542,stimulus_1542,6.6667,6.3333,2,2
1542,1543,stimulus_1543,4.8889,6.6667,1,3
1543,1544,stimulus_1544,4.1111,5.6667,1,1
1544,1545,stimulus_1545,5.1111,6.3333,1,2
1545,1546,stimulus_1546,6.0,6.7778,2,3
1546,1547,stimulus_1547,7.1111,5.2222,3,1
1547,1548,stimulus_1548,6.7778,5.5556,3,1
1548,1549,stimulus_1549,5.3333,6.2222,1,2
1549,1550,stimulus_1550,2.5556,6.0,0,2
1550,1551,stimulus_1551,6.5556,7.0,2,3
1551,1552,stimulus_1552,4.3333,6.4444,1,3
1552,1553,stimulus_1553,5.3333,6.6667,1,3
1553,1554,stimulus_1554,5.5556,6.5556,1,3
1554,1555,stimulus_1555,6.5556,4.8889,2,0
1555,1556,stimulus_1556,1.1111,5.3333,0,1
1556,1557,stimulus_1557,6.4444,7.1111,2,3
1557,1558,stimulus_1558,7.4444,6.3333,3,2
1558,1559,stimulus_1559,6.1111,6.1111,2,2
1559,1560,stimulus_1560,5.7778,7.0,2,3
1560,1561,stimulus_1561,4.0,4.6667,1,0
1561,1562,stimulus_1562,1.0,6.4444,0,3
1562,1563,stimulus_1563,5.7778,5.5556,2,1
1563,1564,stimulus_1564,7.3333,6.5556,3,3
1564,1565,stimulus_1565,2.6667,4.1111,0,0
1565,1566,stimulus_1566,5.3333,5.3333,1,1
1566,1567,stimulus_1567,5.3333,5.2222,1,1
1567,1568,stimulus_1568,6.8889,6.4444,3,3
1568,1569,stimulus_1569,8.5556,6.6667,3,3
1569,1570,stimulus_1570,6.7778,7.4444,3,3
1570,1571,stimulus_1571,6.8889,6.8889,3,3
1571,1572,stimulus_1572,8.8889,6.2222,3,2
1572,1573,stimulus_1573,6.3333,6.5556,2,3
1573,1574,stimulus_1574,5.1111,4.7778,1,0
1574,1575,stimulus_1575,4.4444,6.4444,1,3
1575,1576,stimulus_1576,3.3333,7.1111,0,3
1576,1577,stimulus_1577,5.8889,7.2222,2,3
1577,1578,stimulus_1578,4.7778,5.6667,1,1
1578,1579,stimulus_1579,6.1111,5.6667,2,1
1579,1580,stimulus_1580,6.4444,5.4444,2,1
1580,1581,stimulus_1581,6.1111,6.0,2,2
1581,1582,stimulus_1582,6.7778,7.0,3,3
1582,1583,stimulus_1583,6.6667,7.3333,2,3
1583,1584,stimulus_1584,7.7778,7.3333,3,3
1584,1585,stimulus_1585,3.2222,5.4444,0,1
1585,1586,stimulus_1586,6.4444,5.7778,2,1
1586,1587,stimulus_1587,2.2222,5.3333,0,1
1587,1588,stimulus_1588,5.6667,5.6667,2,1
1588,1589,stimulus_1589,3.2222,5.6667,0,1
1589,1590,stimulus_1590,2.3333,6.5556,0,3
1590,1591,stimulus_1591,2.1111,3.3333,0,0
1591,1592,stimulus_1592,7.3333,5.1111,3,0
1592,1593,stimulus_1593,4.2222,6.0,1,2
1593,1594,stimulus_1594,7.2222,6.4444,3,3
1594,1595,stimulus_1595,4.3333,6.4444,1,3
1595,1596,stimulus_1596,2.4444,5.6667,0,1
1596,1597,stimulus_1597,6.4444,4.7778,2,0
1597,1598,stimulus_1598,1.7778,7.0,0,3
1598,1599,stimulus_1599,3.6667,6.7778,1,3
1599,1600,stimulus_1600,4.1111,5.2222,1,1
1600,1601,stimulus_1601,2.7778,6.2222,0,2
1601,1602,stimulus_1602,6.3333,5.2222,2,1
1602,1603,stimulus_1603,7.3333,5.6667,3,1
1603,1604,stimulus_1604,5.7778,4.6667,2,0
1604,1605,stimulus_1605,2.8889,5.4444,0,1
1605,1606,stimulus_1606,6.2222,5.6667,2,1
1606,1607,stimulus_1607,5.4444,5.4444,1,1
1607,1608,stimulus_1608,8.0,6.5556,3,3
1608,1609,stimulus_1609,5.2222,5.4444,1,1
1609,1610,stimulus_1610,6.5556,6.4444,2,3
1610,1611,stimulus_1611,3.5556,5.0,0,0
1611,1612,stimulus_1612,6.0,5.7778,2,1
1612,1613,stimulus_1613,3.1111,5.5556,0,1
1613,1614,stimulus_1614,5.0,3.8889,1,0
1614,1615,stimulus_1615,3.6667,6.3333,1,2
1615,1616,stimulus_1616,6.8889,6.1111,3,2
1616,1617,stimulus_1617,4.8889,6.1111,1,2
1617,1618,stimulus_1618,4.6667,4.6667,1,0
1618,1619,stimulus_1619,6.4444,5.6667,2,1
1619,1620,stimulus_1620,6.7778,4.6667,3,0
1620,1621,stimulus_1621,4.6667,4.2222,1,0
1621,1622,stimulus_1622,6.3333,6.3333,2,2
1622,1623,stimulus_1623,3.7778,4.8889,1,0
1623,1624,stimulus_1624,5.6667,5.8889,2,2
1624,1625,stimulus_1625,6.3333,6.0,2,2
1625,1626,stimulus_1626,5.5556,5.3333,1,1
1626,1627,stimulus_1627,3.2222,5.2222,0,1
1627,1628,stimulus_1628,7.2222,5.6667,3,1
1628,1629,stimulus_1629,2.8889,6.3333,0,2
1629,1630,stimulus_1630,1.8889,5.0,0,0
1630,1631,stimulus_1631,4.8889,5.4444,1,1
1631,1632,stimulus_1632,1.7778,6.1111,0,2
1632,1633,stimulus_1633,6.3333,6.7778,2,3
1633,1634,stimulus_1634,6.4444,5.8889,2,2
1634,1635,stimulus_1635,5.2222,6.2222,1,2
1635,1636,stimulus_1636,7.2222,6.2222,3,2
1636,1637,stimulus_1637,6.7778,7.7778,3,3
1637,1638,stimulus_1638,7.3333,6.3333,3,2
1638,1639,stimulus_1639,7.2222,6.3333,3,2
1639,1640,stimulus_1640,7.3333,6.6667,3,3
1640,1641,stimulus_1641,5.6667,6.6667,2,3
1641,1642,stimulus_1642,5.4444,6.7778,1,3
1642,1643,stimulus_1643,7.0,7.3333,3,3
1643,1644,stimulus_1644,4.5556,6.7778,1,3
1644,1645,stimulus_1645,6.5556,7.2222,2,3
1645,1646,stimulus_1646,4.8889,4.2222,1,0
1646,1647,stimulus_1647,6.3333,4.3333,2,0
1647,1648,stimulus_1648,6.2222,5.4444,2,1
1648,1649,stimulus_1649,5.2222,6.7778,1,3
1649,1650,stimulus_1650,2.2222,7.3333,0,3
1650,1651,stimulus_1651,6.8889,4.3333,3,0
1651,1652,stimulus_1652,3.6667,6.8889,1,3
1652,1653,stimulus_1653,6.4444,5.2222,2,1
1653,1654,stimulus_1654,2.3333,6.3333,0,2
1654,1655,stimulus_1655,1.0,5.8889,0,2
1655,1656,stimulus_1656,7.6667,5.7778,3,1
1656,1657,stimulus_1657,1.8889,5.4444,0,1
1657,1658,stimulus_1658,7.4444,5.4444,3,1
1658,1659,stimulus_1659,6.5556,6.1111,2,2
1659,1660,stimulus_1660,7.3333,5.7778,3,1
1660,1661,stimulus_1661,6.7778,6.0,3,2
1661,1662,stimulus_1662,5.8889,5.7778,2,1
1662,1663,stimulus_1663,3.8889,5.7778,1,1
1663,1664,stimulus_1664,5.8889,6.3333,2,2
1664,1665,stimulus_1665,4.7778,4.7778,1,0
1665,1666,stimulus_1666,6.8889,6.1111,3,2
1666,1667,stimulus_1667,7.8889,5.7778,3,1
1667,1668,stimulus_1668,5.8889,7.6667,2,3
1668,1669,stimulus_1669,5.0,6.6667,1,3
1669,1670,stimulus_1670,6.1111,6.1111,2,2
1670,1671,stimulus_1671,6.8889,6.7778,3,3
1671,1672,stimulus_1672,5.2222,4.7778,1,0
1672,1673,stimulus_1673,4.5556,5.4444,1,1
1673,1674,stimulus_1674,5.4444,4.4444,1,0
1674,1675,stimulus_1675,2.7778,3.8889,0,0
1675,1676,stimulus_1676,6.6667,6.4444,2,3
1676,1677,stimulus_1677,8.1111,6.5556,3,3
1677,1678,stimulus_1678,7.7778,6.4444,3,3
1678,1679,stimulus_1679,3.8889,7.0,1,3
1679,1680,stimulus_1680,8.5556,6.3333,3,2
1680,1681,stimulus_1681,6.0,4.7778,2,0
1681,1682,stimulus_1682,6.1111,5.7778,2,1
1682,1683,stimulus_1683,6.1111,4.4444,2,0
1683,1684,stimulus_1684,5.6667,5.7778,2,1
1684,1685,stimulus_1685,1.2222,5.4444,0,1
1685,1686,stimulus_1686,5.3333,6.2222,1,2
1686,1687,stimulus_1687,5.5556,5.4444,1,1
1687,1688,stimulus_1688,5.2222,7.3333,1,3
1688,1689,stimulus_1689,6.4444,5.7778,2,1
1689,1690,stimulus_1690,3.5556,5.6667,0,1
1690,1691,stimulus_1691,2.3333,4.7778,0,0
1691,1692,stimulus_1692,6.2222,4.6667,2,0
1692,1693,stimulus_1693,6.8889,6.6667,3,3
1693,1694,stimulus_1694,5.6667,6.8889,2,3
1694,1695,stimulus_1695,3.6667,5.5556,1,1
1695,1696,stimulus_1696,6.5556,6.3333,2,2
1696,1697,stimulus_1697,7.0,6.6667,3,3
1697,1698,stimulus_1698,6.6667,6.0,2,2
1698,1699,stimulus_1699,7.2222,6.1111,3,2
1699,1700,stimulus_1700,4.7778,5.0,1,0
1700,1701,stimulus_1701,2.2222,5.8889,0,2
1701,1702,stimulus_1702,6.0,6.7778,2,3
1702,1703,stimulus_1703,1.5556,5.7778,0,1
1703,1704,stimulus_1704,4.8889,4.0,1,0
1704,1705,stimulus_1705,1.8889,5.1111,0,0
1705,1706,stimulus_1706,2.1111,5.4444,0,1
1706,1707,stimulus_1707,6.3333,8.1111,2,3
1707,1708,stimulus_1708,8.7778,5.8889,3,2
1708,1709,stimulus_1709,5.4444,5.6667,1,1
1709,1710,stimulus_1710,6.4444,6.8889,2,3
1710,1711,stimulus_1711,8.0,6.1111,3,2
1711,1712,stimulus_1712,8.1111,6.4444,3,3
1712,1713,stimulus_1713,4.6667,4.6667,1,0
1713,1714,stimulus_1714,7.1111,7.1111,3,3
1714,1715,stimulus_1715,9.0,6.1111,3,2
1715,1716,stimulus_1716,8.5556,5.1111,3,0
1716,1717,stimulus_1717,7.6667,7.5556,3,3
1717,1718,stimulus_1718,7.0,7.6667,3,3
1718,1719,stimulus_1719,4.7778,4.0,1,0
1719,1720,stimulus_1720,4.7778,6.6667,1,3
1720,1721,stimulus_1721,7.4444,6.6667,3,3
1721,1722,stimulus_1722,5.7778,5.3333,2,1
1722,1723,stimulus_1723,7.3333,6.1111,3,2
1723,1724,stimulus_1724,4.8889,4.5556,1,0
1724,1725,stimulus_1725,3.5556,5.7778,0,1
1725,1726,stimulus_1726,2.3333,6.4444,0,3
1726,1727,stimulus_1727,6.5556,5.2222,2,1
1727,1728,stimulus_1728,5.4444,7.1111,1,3
1728,1729,stimulus_1729,5.3333,3.7778,1,0
1729,1730,stimulus_1730,5.3333,5.3333,1,1
1730,1731,stimulus_1731,4.2222,4.8889,1,0
1731,1732,stimulus_1732,3.4444,6.6667,0,3
1732,1733,stimulus_1733,6.6667,5.2222,2,1
1733,1734,stimulus_1734,4.2222,6.7778,1,3
1734,1735,stimulus_1735,7.0,6.1111,3,2
1735,1736,stimulus_1736,5.2222,5.7778,1,1
1736,1737,stimulus_1737,4.8889,6.7778,1,3
1737,1738,stimulus_1738,5.3333,5.7778,1,1
1738,1739,stimulus_1739,2.7778,5.8889,0,2
1739,1740,stimulus_1740,7.3333,6.0,3,2
1740,1741,stimulus_1741,5.6667,5.6667,2,1
1741,1742,stimulus_1742,4.0,6.8889,1,3
1742,1743,stimulus_1743,6.2222,6.4444,2,3
1743,1744,stimulus_1744,3.2222,6.1111,0,2
1744,1745,stimulus_1745,8.3333,6.3333,3,2
1745,1746,stimulus_1746,7.5556,6.0,3,2
1746,1747,stimulus_1747,6.5556,5.2222,2,1
1747,1748,stimulus_1748,6.5556,4.4444,2,0
1748,1749,stimulus_1749,8.6667,5.6667,3,1
1749,1750,stimulus_1750,6.1111,5.4444,2,1
1750,1751,stimulus_1751,6.0,5.6667,2,1
1751,1752,stimulus_1752,3.5556,5.8889,0,2
1752,1753,stimulus_1753,6.8889,7.3333,3,3
1753,1754,stimulus_1754,7.7778,7.3333,3,3
1754,1755,stimulus_1755,2.3333,5.8889,0,2
1755,1756,stimulus_1756,7.6667,6.4444,3,3
1756,1757,stimulus_1757,3.7778,6.4444,1,3
1757,1758,stimulus_1758,7.1111,7.1111,3,3
1758,1759,stimulus_1759,3.7778,6.4444,1,3
1759,1760,stimulus_1760,5.8889,4.1111,2,0
1760,1761,stimulus_1761,7.5556,6.3333,3,2
1761,1762,stimulus_1762,5.7778,6.5556,2,3
1762,1763,stimulus_1763,6.5556,7.0,2,3
1763,1764,stimulus_1764,6.0,7.0,2,3
1764,1765,stimulus_1765,2.7778,5.2222,0,1
1765,1766,stimulus_1766,3.8889,4.1111,1,0
1766,1767,stimulus_1767,3.7778,5.5556,1,1
1767,1768,stimulus_1768,3.2222,5.0,0,0
1768,1769,stimulus_1769,6.7778,6.7778,3,3
1769,1770,stimulus_1770,4.6667,4.6667,1,0
1770,1771,stimulus_1771,3.1111,4.6667,0,0
1771,1772,stimulus_1772,6.3333,6.0,2,2
1772,1773,stimulus_1773,7.2222,5.1111,3,0
1773,1774,stimulus_1774,3.7778,5.2222,1,1
1774,1775,stimulus_1775,6.4444,5.8889,2,2
1775,1776,stimulus_1776,3.6667,5.3333,1,1
1776,1777,stimulus_1777,6.8889,7.1111,3,3
1777,1778,stimulus_1778,7.3333,6.5556,3,3
1778,1779,stimulus_1779,5.0,6.2222,1,2
1779,1780,stimulus_1780,3.8889,6.8889,1,3
1780,1781,stimulus_1781,7.0,6.2222,3,2
1781,1782,stimulus_1782,6.2222,6.1111,2,2
1782,1783,stimulus_1783,7.3333,6.7778,3,3
1783,1784,stimulus_1784,4.6667,3.7778,1,0
1784,1785,stimulus_1785,4.6667,5.7778,1,1
1785,1786,stimulus_1786,2.1111,5.3333,0,1
1786,1787,stimulus_1787,6.0,6.2222,2,2
1787,1788,stimulus_1788,4.2222,6.1111,1,2
1788,1789,stimulus_1789,7.5556,6.4444,3,3
1789,1790,stimulus_1790,2.5556,3.4444,0,0
1790,1791,stimulus_1791,5.5556,5.4444,1,1
1791,1792,stimulus_1792,2.0,4.5556,0,0
1792,1793,stimulus_1793,3.0,4.6667,0,0
1793,1794,stimulus_1794,4.5556,5.2222,1,1
1794,1795,stimulus_1795,2.8889,6.5556,0,3
1795,1796,stimulus_1796,5.5556,6.7778,1,3
1796,1797,stimulus_1797,6.1111,5.7778,2,1
1797,1798,stimulus_1798,6.4444,6.1111,2,2
1798,1799,stimulus_1799,5.2222,7.0,1,3
1799,1800,stimulus_1800,6.6667,6.6667,2,3
1800,1801,stimulus_1801,6.0,6.3333,2,2
1801,1802,stimulus_1802,6.1111,5.6667,2,1
1802,1803,stimulus_1803,7.8889,6.0,3,2
1803,1804,stimulus_1804,7.4444,5.1111,3,0
1804,1805,stimulus_1805,6.8889,6.4444,3,3
1805,1806,stimulus_1806,7.5556,5.1111,3,0
1806,1807,stimulus_1807,7.5556,7.3333,3,3
1807,1808,stimulus_1808,7.1111,4.8889,3,0
1808,1809,stimulus_1809,5.0,7.0,1,3
1809,1810,stimulus_1810,7.8889,5.1111,3,0
1810,1811,stimulus_1811,5.2222,5.8889,1,2
1811,1812,stimulus_1812,6.3333,6.0,2,2
1812,1813,stimulus_1813,1.2222,5.4444,0,1
1813,1814,stimulus_1814,7.6667,5.3333,3,1
1814,1815,stimulus_1815,6.8889,4.7778,3,0
1815,1816,stimulus_1816,3.4444,5.6667,0,1
1816,1817,stimulus_1817,6.2222,4.8889,2,0
1817,1818,stimulus_1818,6.2222,5.7778,2,1
1818,1819,stimulus_1819,1.8889,6.5556,0,3
1819,1820,stimulus_1820,7.4444,4.8889,3,0
1820,1821,stimulus_1821,5.0,6.0,1,2
1821,1822,stimulus_1822,2.7778,4.2222,0,0
1822,1823,stimulus_1823,4.5556,5.2222,1,1
1823,1824,stimulus_1824,6.6667,5.5556,2,1
1824,1825,stimulus_1825,7.6667,3.6667,3,0
1825,1826,stimulus_1826,7.8889,7.6667,3,3
1826,1827,stimulus_1827,5.2222,7.0,1,3
1827,1828,stimulus_1828,2.0,5.5556,0,1
1828,1829,stimulus_1829,6.0,5.8889,2,2
1829,1830,stimulus_1830,2.0,6.4444,0,3
1830,1831,stimulus_1831,4.0,5.1111,1,0
1831,1832,stimulus_1832,2.6667,6.5556,0,3
1832,1833,stimulus_1833,7.1111,7.3333,3,3
1833,1834,stimulus_1834,7.1111,6.7778,3,3
1834,1835,stimulus_1835,6.2222,5.0,2,0
1835,1836,stimulus_1836,7.7778,6.6667,3,3
1836,1837,stimulus_1837,3.3333,6.2222,0,2
1837,1838,stimulus_1838,4.8889,6.4444,1,3
1838,1839,stimulus_1839,7.3333,7.2222,3,3
1839,1840,stimulus_1840,6.4444,5.4444,2,1
1840,1841,stimulus_1841,6.6667,4.6667,2,0
1841,1842,stimulus_1842,6.7778,6.2222,3,2
1842,1843,stimulus_1843,2.5556,6.2222,0,2
1843,1844,stimulus_1844,2.6667,5.2222,0,1
1844,1845,stimulus_1845,3.5556,5.4444,0,1
1845,1846,stimulus_1846,6.0,5.0,2,0
1846,1847,stimulus_1847,4.4444,5.6667,1,1
1847,1848,stimulus_1848,6.6667,5.1111,2,0
1848,1849,stimulus_1849,5.8889,6.6667,2,3
1849,1850,stimulus_1850,7.0,4.3333,3,0
1850,1851,stimulus_1851,7.3333,5.3333,3,1
1851,1852,stimulus_1852,8.3333,6.5556,3,3
1852,1853,stimulus_1853,2.8889,5.3333,0,1
1853,1854,stimulus_1854,7.4444,5.6667,3,1
1854,1855,stimulus_1855,8.6667,5.5556,3,1
1855,1856,stimulus_1856,5.6667,5.2222,2,1
1856,1857,stimulus_1857,5.4444,6.7778,1,3
1857,1858,stimulus_1858,3.4444,7.0,0,3
1858,1859,stimulus_1859,6.6667,5.2222,2,1
1859,1860,stimulus_1860,6.4444,5.6667,2,1
1860,1861,stimulus_1861,6.3333,5.5556,2,1
1861,1862,stimulus_1862,5.2222,5.2222,1,1
1862,1863,stimulus_1863,5.5556,6.7778,1,3
1863,1864,stimulus_1864,4.3333,5.3333,1,1
1864,1865,stimulus_1865,5.0,6.6667,1,3
1865,1866,stimulus_1866,2.6667,5.6667,0,1
1866,1867,stimulus_1867,5.4444,5.6667,1,1
1867,1868,stimulus_1868,1.5556,6.4444,0,3
1868,1869,stimulus_1869,6.7778,6.0,3,2
1869,1870,stimulus_1870,1.7778,6.7778,0,3
1870,1871,stimulus_1871,3.0,5.3333,0,1
1871,1872,stimulus_1872,5.7778,7.0,2,3
1872,1873,stimulus_1873,3.8889,5.5556,1,1
1873,1874,stimulus_1874,5.2222,4.6667,1,0
1874,1875,stimulus_1875,4.7778,5.1111,1,0
1875,1876,stimulus_1876,6.6667,4.7778,2,0
1876,1877,stimulus_1877,4.7778,5.8889,1,2
1877,1878,stimulus_1878,4.4444,6.8889,1,3
1878,1879,stimulus_1879,4.5556,6.1111,1,2
1879,1880,stimulus_1880,6.1111,5.7778,2,1
1880,1881,stimulus_1881,4.7778,5.3333,1,1
1881,1882,stimulus_1882,6.7778,5.8889,3,2
1882,1883,stimulus_1883,4.1111,4.8889,1,0
1883,1884,stimulus_1884,6.2222,6.1111,2,2
1884,1885,stimulus_1885,1.8889,5.0,0,0
1885,1886,stimulus_1886,6.5556,6.4444,2,3
1886,1887,stimulus_1887,3.2222,6.8889,0,3
1887,1888,stimulus_1888,4.4444,6.5556,1,3
1888,1889,stimulus_1889,7.3333,7.1111,3,3
1889,1890,stimulus_1890,4.0,5.4444,1,1
1890,1891,stimulus_1891,6.8889,7.0,3,3
1891,1892,stimulus_1892,5.3333,7.2222,1,3
1892,1893,stimulus_1893,7.3333,6.5556,3,3
1893,1894,stimulus_1894,6.2222,7.2222,2,3
1894,1895,stimulus_1895,6.6667,7.1111,2,3
1895,1896,stimulus_1896,4.0,6.2222,1,2
1896,1897,stimulus_1897,6.4444,5.6667,2,1
1897,1898,stimulus_1898,5.8889,4.7778,2,0
1898,1899,stimulus_1899,5.8889,7.2222,2,3
1899,1900,stimulus_1900,7.5556,5.5556,3,1
1900,1901,stimulus_1901,2.3333,6.1111,0,2
1901,1902,stimulus_1902,6.5556,5.7778,2,1
1902,1903,stimulus_1903,2.0,4.0,0,0
1903,1904,stimulus_1904,7.0,5.4444,3,1
1904,1905,stimulus_1905,4.7778,5.5556,1,1
1905,1906,stimulus_1906,2.4444,6.1111,0,2
1906,1907,stimulus_1907,2.3333,5.5556,0,1
1907,1908,stimulus_1908,5.0,5.4444,1,1
1908,1909,stimulus_1909,7.1111,7.5556,3,3
1909,1910,stimulus_1910,4.4444,6.1111,1,2
1910,1911,stimulus_1911,7.1111,6.1111,3,2
1911,1912,stimulus_1912,6.0,6.5556,2,3
1912,1913,stimulus_1913,6.1111,6.1111,2,2
1913,1914,stimulus_1914,4.1111,6.8889,1,3
1914,1915,stimulus_1915,5.7778,6.8889,2,3
1915,1916,stimulus_1916,3.2222,6.2222,0,2
1916,1917,stimulus_1917,6.2222,6.7778,2,3
1917,1918,stimulus_1918,7.0,7.0,3,3
1918,1919,stimulus_1919,4.2222,6.1111,1,2
1919,1920,stimulus_1920,5.6667,5.5556,2,1
1920,1921,stimulus_1921,5.7778,5.1111,2,0
1921,1922,stimulus_1922,1.2222,5.1111,0,0
1922,1923,stimulus_1923,2.6667,4.4444,0,0
1923,1924,stimulus_1924,7.4444,5.2222,3,1
1924,1925,stimulus_1925,6.4444,6.5556,2,3
1925,1926,stimulus_1926,3.0,5.6667,0,1
1926,1927,stimulus_1927,3.8889,4.3333,1,0
1927,1928,stimulus_1928,3.1111,4.1111,0,0
1928,1929,stimulus_1929,5.1111,5.3333,1,1
1929,1930,stimulus_1930,5.8889,4.1111,2,0
1930,1931,stimulus_1931,3.4444,4.2222,0,0
1931,1932,stimulus_1932,6.2222,4.2222,2,0
1932,1933,stimulus_1933,1.2222,4.4444,0,0
1933,1934,stimulus_1934,1.6667,5.7778,0,1
1934,1935,stimulus_1935,8.5556,5.4444,3,1
1935,1936,stimulus_1936,7.8889,5.7778,3,1
1936,1937,stimulus_1937,7.4444,7.2222,3,3
1937,1938,stimulus_1938,7.8889,5.7778,3,1
1938,1939,stimulus_1939,5.5556,6.2222,1,2
1939,1940,stimulus_1940,2.2222,5.2222,0,1
1940,1941,stimulus_1941,6.5556,6.5556,2,3
1941,1942,stimulus_1942,8.1111,6.4444,3,3
1942,1943,stimulus_1943,3.7778,5.7778,1,1
1943,1944,stimulus_1944,6.2222,5.7778,2,1
1944,1945,stimulus_1945,6.2222,6.2222,2,2
1945,1946,stimulus_1946,3.7778,3.5556,1,0
1946,1947,stimulus_1947,3.8889,5.4444,1,1
1947,1948,stimulus_1948,5.3333,5.6667,1,1
1948,1949,stimulus_1949,5.4444,5.2222,1,1
1949,1950,stimulus_1950,5.1111,4.0,1,0
1950,1951,stimulus_1951,2.8889,4.8889,0,0
1951,1952,stimulus_1952,5.2222,3.8889,1,0
1952,1953,stimulus_1953,6.6667,6.2222,2,2
1953,1954,stimulus_1954,4.8889,4.8889,1,0
1954,1955,stimulus_1955,2.2222,5.7778,0,1
1955,1956,stimulus_1956,1.8889,3.7778,0,0
1956,1957,stimulus_1957,7.5556,7.1111,3,3
1957,1958,stimulus_1958,4.3333,5.1111,1,0
1958,1959,stimulus_1959,2.4444,5.6667,0,1
1959,1960,stimulus_1960,1.8889,6.6667,0,3
1960,1961,stimulus_1961,7.5556,6.6667,3,3
1961,1962,stimulus_1962,6.5556,4.8889,2,0
1962,1963,stimulus_1963,6.3333,5.2222,2,1
1963,1964,stimulus_1964,4.0,6.5556,1,3
1964,1965,stimulus_1965,7.8889,6.5556,3,3
1965,1966,stimulus_1966,8.4444,5.6667,3,1
1966,1967,stimulus_1967,4.6667,5.7778,1,1
1967,1968,stimulus_1968,7.0,5.4444,3,1
1968,1969,stimulus_1969,6.4444,6.1111,2,2
1969,1970,stimulus_1970,6.8889,5.7778,3,1
1970,1971,stimulus_1971,6.6667,7.5556,2,3
1971,1972,stimulus_1972,4.5556,5.1111,1,0
1972,1973,stimulus_1973,3.3333,4.7778,0,0
1973,1974,stimulus_1974,6.8889,7.5556,3,3
1974,1975,stimulus_1975,7.3333,7.0,3,3
1975,1976,stimulus_1976,6.7778,6.4444,3,3
1976,1977,stimulus_1977,3.3333,5.0,0,0
1977,1978,stimulus_1978,7.2222,5.3333,3,1
1978,1979,stimulus_1979,3.0,6.1111,0,2
1979,1980,stimulus_1980,7.3333,7.0,3,3
1980,1981,stimulus_1981,7.8889,6.4444,3,3
1981,1982,stimulus_1982,6.1111,5.6667,2,1
1982,1983,stimulus_1983,5.7778,6.2222,2,2
1983,1984,stimulus_1984,5.2222,4.7778,1,0
1984,1985,stimulus_1985,2.5556,6.2222,0,2
1985,1986,stimulus_1986,6.8889,4.4444,3,0
1986,1987,stimulus_1987,2.8889,5.6667,0,1
1987,1988,stimulus_1988,6.8889,3.8889,3,0
1988,1989,stimulus_1989,7.4444,5.7778,3,1
1989,1990,stimulus_1990,2.3333,5.7778,0,1
1990,1991,stimulus_1991,1.6667,5.6667,0,1
1991,1992,stimulus_1992,7.4444,6.5556,3,3
1992,1993,stimulus_1993,7.6667,6.7778,3,3
1993,1994,stimulus_1994,5.2222,4.2222,1,0
1994,1995,stimulus_1995,6.1111,5.6667,2,1
1995,1996,stimulus_1996,4.7778,5.2222,1,1
1996,1997,stimulus_1997,5.8889,5.3333,2,1
1997,1998,stimulus_1998,6.6667,6.4444,2,3
1998,1999,stimulus_1999,2.8889,6.0,0,2
1999,2000,stimulus_2000,7.1111,5.4444,3,1
2000,2001,stimulus_2001,8.0,5.6667,3,1
2001,2002,stimulus_2002,6.7778,4.7778,3,0
2002,2003,stimulus_2003,4.7778,6.5556,1,3
2003,2004,stimulus_2004,1.4444,3.4444,0,0
2004,2005,stimulus_2005,5.4444,4.4444,1,0
2005,2006,stimulus_2006,3.5556,6.6667,0,3
2006,2007,stimulus_2007,6.5556,5.0,2,0
2007,2008,stimulus_2008,2.6667,5.8889,0,2
2008,2009,stimulus_2009,3.1111,5.1111,0,0
2009,2010,stimulus_2010,2.6667,5.7778,0,1
2010,2011,stimulus_2011,2.7778,5.3333,0,1
2011,2012,stimulus_2012,2.2222,6.4444,0,3
2012,2013,stimulus_2013,7.1111,5.8889,3,2
2013,2014,stimulus_2014,3.7778,5.5556,1,1
2014,2015,stimulus_2015,5.7778,6.4444,2,3
2015,2016,stimulus_2016,3.4444,4.0,0,0
2016,2017,stimulus_2017,5.8889,6.5556,2,3
2017,2018,stimulus_2018,2.4444,3.8889,0,0
2018,2019,stimulus_2019,2.6667,4.5556,0,0
2019,2020,stimulus_2020,2.0,3.5556,0,0
2020,2021,stimulus_2021,5.7778,7.0,2,3
2021,2022,stimulus_2022,3.3333,5.4444,0,1
2022,2023,stimulus_2023,6.5556,5.8889,2,2
2023,2024,stimulus_2024,2.8889,3.5556,0,0
2024,2025,stimulus_2025,5.5556,6.1111,1,2
2025,2026,stimulus_2026,6.5556,5.1111,2,0
2026,2027,stimulus_2027,5.4444,5.0,1,0
2027,2028,stimulus_2028,5.8889,5.3333,2,1
2028,2029,stimulus_2029,6.2222,6.5556,2,3
2029,2030,stimulus_2030,7.1111,7.1111,3,3
2030,2031,stimulus_2031,6.2222,6.3333,2,2
2031,2032,stimulus_2032,6.0,6.0,2,2
2032,2033,stimulus_2033,6.3333,7.2222,2,3
2033,2034,stimulus_2034,7.5556,7.3333,3,3
2034,2035,stimulus_2035,5.8889,6.4444,2,3
2035,2036,stimulus_2036,4.4444,5.1111,1,0
2036,2037,stimulus_2037,5.8889,6.8889,2,3
2037,2038,stimulus_2038,4.6667,5.6667,1,1
2038,2039,stimulus_2039,5.0,5.4444,1,1
2039,2040,stimulus_2040,7.3333,6.7778,3,3
2040,2041,stimulus_2041,5.8889,5.8889,2,2
2041,2042,stimulus_2042,4.6667,5.5556,1,1
2042,2043,stimulus_2043,6.7778,6.2222,3,2
2043,2044,stimulus_2044,7.2222,5.2222,3,1
2044,2045,stimulus_2045,6.4444,6.6667,2,3
2045,2046,stimulus_2046,4.6667,6.8889,1,3
2046,2047,stimulus_2047,1.8889,6.6667,0,3
2047,2048,stimulus_2048,2.8889,5.0,0,0
2048,2049,stimulus_2049,2.5556,6.2222,0,2
2049,2050,stimulus_2050,4.1111,5.2222,1,1
2050,2051,stimulus_2051,3.7778,5.8889,1,2
2051,2052,stimulus_2052,4.0,6.6667,1,3
2052,2053,stimulus_2053,5.8889,7.1111,2,3
2053,2054,stimulus_2054,3.5556,6.0,0,2
2054,2055,stimulus_2055,3.5556,4.7778,0,0
2055,2056,stimulus_2056,6.0,5.1111,2,0
2056,2057,stimulus_2057,6.7778,6.3333,3,2
2057,2058,stimulus_2058,2.0,5.7778,0,1
2058,2059,stimulus_2059,7.0,5.5556,3,1
2059,2060,stimulus_2060,5.7778,5.3333,2,1
2060,2061,stimulus_2061,7.2222,5.2222,3,1
2061,2062,stimulus_2062,2.2222,4.6667,0,0
2062,2063,stimulus_2063,6.7778,6.6667,3,3
2063,2064,stimulus_2064,4.8889,4.7778,1,0
2064,2065,stimulus_2065,6.5556,7.0,2,3
2065,2066,stimulus_2066,3.4444,5.7778,0,1
2066,2067,stimulus_2067,3.1111,6.2222,0,2
2067,2068,stimulus_2068,3.5556,6.6667,0,3
2068,2069,stimulus_2069,2.0,6.7778,0,3
2069,2070,stimulus_2070,6.7778,5.6667,3,1
2070,2071,stimulus_2071,7.5556,5.7778,3,1
2071,2072,stimulus_2072,6.8889,5.6667,3,1
2072,2073,stimulus_2073,5.1111,7.1111,1,3
2073,2074,stimulus_2074,5.5556,5.8889,1,2
2074,2075,stimulus_2075,5.6667,6.3333,2,2
2075,2076,stimulus_2076,5.5556,5.8889,1,2
2076,2077,stimulus_2077,8.6667,6.5556,3,3
2077,2078,stimulus_2078,6.7778,6.7778,3,3
2078,2079,stimulus_2079,5.4444,4.5556,1,0
2079,2080,stimulus_2080,2.4444,6.1111,0,2
2080,2081,stimulus_2081,2.8889,5.5556,0,1
2081,2082,stimulus_2082,7.7778,5.3333,3,1
2082,2083,stimulus_2083,6.6667,5.2222,2,1
2083,2084,stimulus_2084,4.6667,6.0,1,2
2084,2085,stimulus_2085,7.4444,7.5556,3,3
2085,2086,stimulus_2086,3.3333,5.5556,0,1
2086,2087,stimulus_2087,6.4444,5.7778,2,1
2087,2088,stimulus_2088,6.4444,6.0,2,2
2088,2089,stimulus_2089,6.7778,6.8889,3,3
2089,2090,stimulus_2090,3.7778,5.4444,1,1
2090,2091,stimulus_2091,2.6667,7.1111,0,3
2091,2092,stimulus_2092,7.1111,6.7778,3,3
2092,2093,stimulus_2093,5.6667,5.4444,2,1
2093,2094,stimulus_2094,4.5556,5.4444,1,1
2094,2095,stimulus_2095,7.1111,5.6667,3,1
2095,2096,stimulus_2096,7.5556,4.5556,3,0
2096,2097,stimulus_2097,5.2222,6.6667,1,3
2097,2098,stimulus_2098,6.6667,6.6667,2,3
2098,2099,stimulus_2099,6.5556,6.0,2,2
2099,2100,stimulus_2100,6.7778,6.2222,3,2
2100,2101,stimulus_2101,5.4444,5.1111,1,0
2101,2102,stimulus_2102,7.3333,6.5556,3,3
2102,2103,stimulus_2103,4.6667,6.8889,1,3
2103,2104,stimulus_2104,4.2222,3.7778,1,0
2104,2105,stimulus_2105,5.2222,6.7778,1,3
2105,2106,stimulus_2106,2.2222,5.1111,0,0
2106,2107,stimulus_2107,6.2222,4.8889,2,0
2107,2108,stimulus_2108,5.7778,7.4444,2,3
2108,2109,stimulus_2109,2.2222,5.5556,0,1
2109,2110,stimulus_2110,7.5556,7.3333,3,3
2110,2111,stimulus_2111,2.1111,5.1111,0,0
2111,2112,stimulus_2112,6.6667,5.7778,2,1
2112,2113,stimulus_2113,7.4444,6.5556,3,3
2113,2114,stimulus_2114,7.1111,5.5556,3,1
2114,2115,stimulus_2115,2.5556,6.2222,0,2
2115,2116,stimulus_2116,2.0,5.1111,0,0
2116,2117,stimulus_2117,7.4444,5.2222,3,1
2117,2118,stimulus_2118,7.6667,5.4444,3,1
2118,2119,stimulus_2119,4.8889,4.6667,1,0
2119,2120,stimulus_2120,3.0,7.1111,0,3
2120,2121,stimulus_2121,2.7778,6.6667,0,3
2121,2122,stimulus_2122,1.7778,6.1111,0,2
2122,2123,stimulus_2123,1.8889,5.2222,0,1
2123,2124,stimulus_2124,2.2222,6.4444,0,3
2124,2125,stimulus_2125,4.4444,5.7778,1,1
2125,2126,stimulus_2126,3.6667,4.7778,1,0
2126,2127,stimulus_2127,5.3333,4.4444,1,0
2127,2128,stimulus_2128,5.3333,4.3333,1,0
2128,2129,stimulus_2129,5.5556,4.1111,1,0
2129,2130,stimulus_2130,3.3333,5.2222,0,1
2130,2131,stimulus_2131,7.3333,3.7778,3,0
2131,2132,stimulus_2132,5.4444,5.1111,1,0
2132,2133,stimulus_2133,4.8889,5.0,1,0
2133,2134,stimulus_2134,6.3333,4.8889,2,0
2134,2135,stimulus_2135,3.0,5.4444,0,1
2135,2136,stimulus_2136,3.6667,4.1111,1,0
2136,2137,stimulus_2137,8.4444,7.2222,3,3
2137,2138,stimulus_2138,8.1111,7.2222,3,3
2138,2139,stimulus_2139,1.3333,5.7778,0,1
2139,2140,stimulus_2140,7.7778,6.7778,3,3
2140,2141,stimulus_2141,3.0,4.6667,0,0
2141,2142,stimulus_2142,3.2222,5.1111,0,0
2142,2143,stimulus_2143,6.7778,6.7778,3,3
2143,2144,stimulus_2144,2.2222,5.3333,0,1
2144,2145,stimulus_2145,5.6667,5.5556,2,1
2145,2146,stimulus_2146,8.2222,6.2222,3,2
2146,2147,stimulus_2147,1.4444,5.2222,0,1
2147,2148,stimulus_2148,4.7778,6.3333,1,2
2148,2149,stimulus_2149,7.4444,6.2222,3,2
2149,2150,stimulus_2150,7.6667,5.6667,3,1
2150,2151,stimulus_2151,4.2222,5.7778,1,1
2151,2152,stimulus_2152,1.6667,5.2222,0,1
2152,2153,stimulus_2153,1.7778,6.2222,0,2
2153,2154,stimulus_2154,6.8889,5.8889,3,2
2154,2155,stimulus_2155,3.6667,4.4444,1,0
2155,2156,stimulus_2156,3.7778,5.3333,1,1
2156,2157,stimulus_2157,2.5556,5.5556,0,1
2157,2158,stimulus_2158,8.2222,6.6667,3,3
2158,2159,stimulus_2159,2.4444,5.1111,0,0
2159,2160,stimulus_2160,5.1111,5.1111,1,0
2160,2161,stimulus_2161,3.0,7.1111,0,3
2161,2162,stimulus_2162,3.0,6.2222,0,2
2162,2163,stimulus_2163,7.4444,4.0,3,0
2163,2164,stimulus_2164,4.7778,6.4444,1,3
2164,2165,stimulus_2165,4.2222,4.6667,1,0
2165,2166,stimulus_2166,6.6667,5.7778,2,1
2166,2167,stimulus_2167,5.8889,6.3333,2,2
2167,2168,stimulus_2168,2.6667,5.8889,0,2
2168,2169,stimulus_2169,1.7778,3.8889,0,0
2169,2170,stimulus_2170,6.6667,6.5556,2,3
2170,2171,stimulus_2171,6.2222,4.8889,2,0
2171,2172,stimulus_2172,5.0,3.8889,1,0
2172,2173,stimulus_2173,7.1111,5.6667,3,1
2173,2174,stimulus_2174,2.4444,4.7778,0,0
2174,2175,stimulus_2175,6.3333,5.4444,2,1
2175,2176,stimulus_2176,5.8889,5.3333,2,1
2176,2177,stimulus_2177,2.0,4.8889,0,0
2177,2178,stimulus_2178,3.6667,6.2222,1,2
2178,2179,stimulus_2179,7.1111,6.7778,3,3
2179,2180,stimulus_2180,5.2222,5.3333,1,1
2180,2181,stimulus_2181,7.2222,6.3333,3,2
2181,2182,stimulus_2182,7.4444,6.4444,3,3
2182,2183,stimulus_2183,2.1111,5.2222,0,1
2183,2184,stimulus_2184,4.5556,5.3333,1,1
2184,2185,stimulus_2185,5.4444,5.2222,1,1
