stim_idx,stimulus_num,stimulus_name,valence_score,arousal_score,v_quartile,a_quartile,v_label
0,1,stimulus_1,2.2222,5.5556,0,1,0
4,5,stimulus_5,2.5556,6.7778,0,3,0
7,8,stimulus_8,6.7778,4.0,3,0,1
8,9,stimulus_9,3.3333,5.0,0,0,0
9,10,stimulus_10,7.8889,7.6667,3,3,1
10,11,stimulus_11,7.6667,6.7778,3,3,1
12,13,stimulus_13,8.4444,6.8889,3,3,1
14,15,stimulus_15,3.3333,6.6667,0,3,0
15,16,stimulus_16,6.8889,7.1111,3,3,1
16,17,stimulus_17,7.1111,6.3333,3,2,1
17,18,stimulus_18,3.1111,6.2222,0,2,0
18,19,stimulus_19,6.7778,6.1111,3,2,1
20,21,stimulus_21,1.7778,6.3333,0,2,0
22,23,stimulus_23,7.3333,6.2222,3,2,1
24,25,stimulus_25,2.8889,5.4444,0,1,0
25,26,stimulus_26,8.0,5.2222,3,1,1
26,27,stimulus_27,2.7778,5.8889,0,2,0
27,28,stimulus_28,1.4444,5.3333,0,1,0
28,29,stimulus_29,6.8889,6.3333,3,2,1
29,30,stimulus_30,1.8889,6.1111,0,2,0
30,31,stimulus_31,3.2222,6.0,0,2,0
34,35,stimulus_35,7.0,5.8889,3,2,1
36,37,stimulus_37,7.1111,6.4444,3,3,1
39,40,stimulus_40,7.5556,5.7778,3,1,1
40,41,stimulus_41,6.7778,5.6667,3,1,1
42,43,stimulus_43,6.7778,5.8889,3,2,1
44,45,stimulus_45,3.0,5.6667,0,1,0
45,46,stimulus_46,2.7778,5.3333,0,1,0
47,48,stimulus_48,2.0,4.5556,0,0,0
50,51,stimulus_51,2.7778,5.1111,0,0,0
57,58,stimulus_58,7.4444,6.7778,3,3,1
58,59,stimulus_59,3.1111,5.1111,0,0,0
61,62,stimulus_62,1.4444,4.0,0,0,0
66,67,stimulus_67,1.3333,3.0,0,0,0
70,71,stimulus_71,3.2222,4.7778,0,0,0
72,73,stimulus_73,2.2222,5.7778,0,1,0
73,74,stimulus_74,7.3333,6.2222,3,2,1
77,78,stimulus_78,7.2222,5.4444,3,1,1
78,79,stimulus_79,2.1111,4.1111,0,0,0
80,81,stimulus_81,1.4444,6.3333,0,2,0
82,83,stimulus_83,7.7778,4.8889,3,0,1
86,87,stimulus_87,7.0,5.3333,3,1,1
88,89,stimulus_89,2.7778,5.4444,0,1,0
89,90,stimulus_90,7.3333,5.5556,3,1,1
93,94,stimulus_94,6.7778,4.8889,3,0,1
94,95,stimulus_95,2.0,5.7778,0,1,0
95,96,stimulus_96,2.6667,6.6667,0,3,0
97,98,stimulus_98,7.7778,5.3333,3,1,1
99,100,stimulus_100,8.0,7.1111,3,3,1
100,101,stimulus_101,8.0,6.8889,3,3,1
101,102,stimulus_102,6.7778,5.8889,3,2,1
103,104,stimulus_104,1.7778,4.5556,0,0,0
106,107,stimulus_107,1.2222,5.7778,0,1,0
108,109,stimulus_109,2.4444,6.3333,0,2,0
109,110,stimulus_110,7.0,5.7778,3,1,1
110,111,stimulus_111,6.7778,6.1111,3,2,1
112,113,stimulus_113,7.2222,5.5556,3,1,1
115,116,stimulus_116,6.8889,5.7778,3,1,1
118,119,stimulus_119,3.4444,5.3333,0,1,0
122,123,stimulus_123,7.6667,5.2222,3,1,1
123,124,stimulus_124,2.8889,3.7778,0,0,0
124,125,stimulus_125,7.0,5.8889,3,2,1
125,126,stimulus_126,8.3333,6.3333,3,2,1
126,127,stimulus_127,2.1111,6.5556,0,3,0
127,128,stimulus_128,2.6667,5.7778,0,1,0
128,129,stimulus_129,1.6667,5.8889,0,2,0
131,132,stimulus_132,1.8889,4.8889,0,0,0
132,133,stimulus_133,1.6667,5.1111,0,0,0
134,135,stimulus_135,1.6667,4.2222,0,0,0
135,136,stimulus_136,2.2222,3.6667,0,0,0
136,137,stimulus_137,2.2222,3.2222,0,0,0
140,141,stimulus_141,1.6667,3.3333,0,0,0
145,146,stimulus_146,7.2222,7.5556,3,3,1
148,149,stimulus_149,8.3333,6.3333,3,2,1
150,151,stimulus_151,8.0,5.8889,3,2,1
151,152,stimulus_152,8.3333,7.1111,3,3,1
152,153,stimulus_153,1.7778,5.1111,0,0,0
153,154,stimulus_154,1.2222,5.0,0,0,0
157,158,stimulus_158,1.8889,5.4444,0,1,0
158,159,stimulus_159,3.4444,5.4444,0,1,0
160,161,stimulus_161,8.1111,5.8889,3,2,1
161,162,stimulus_162,7.1111,7.5556,3,3,1
162,163,stimulus_163,8.1111,6.4444,3,3,1
163,164,stimulus_164,7.4444,5.4444,3,1,1
164,165,stimulus_165,8.3333,6.1111,3,2,1
165,166,stimulus_166,1.1111,6.2222,0,2,0
166,167,stimulus_167,8.1111,6.4444,3,3,1
169,170,stimulus_170,3.4444,7.7778,0,3,0
171,172,stimulus_172,7.6667,5.7778,3,1,1
175,176,stimulus_176,7.3333,7.7778,3,3,1
180,181,stimulus_181,1.0,5.3333,0,1,0
181,182,stimulus_182,7.5556,7.5556,3,3,1
183,184,stimulus_184,8.7778,6.7778,3,3,1
185,186,stimulus_186,1.3333,3.6667,0,0,0
186,187,stimulus_187,1.0,5.0,0,0,0
187,188,stimulus_188,7.4444,5.3333,3,1,1
188,189,stimulus_189,2.2222,7.4444,0,3,0
189,190,stimulus_190,1.7778,6.2222,0,2,0
190,191,stimulus_191,6.7778,6.0,3,2,1
191,192,stimulus_192,8.2222,6.8889,3,3,1
194,195,stimulus_195,1.3333,5.5556,0,1,0
195,196,stimulus_196,7.7778,5.8889,3,2,1
196,197,stimulus_197,1.2222,6.6667,0,3,0
197,198,stimulus_198,7.2222,5.1111,3,0,1
203,204,stimulus_204,8.0,5.7778,3,1,1
204,205,stimulus_205,6.8889,7.0,3,3,1
205,206,stimulus_206,7.4444,6.6667,3,3,1
206,207,stimulus_207,7.1111,6.5556,3,3,1
207,208,stimulus_208,1.8889,5.5556,0,1,0
210,211,stimulus_211,3.0,5.5556,0,1,0
212,213,stimulus_213,1.2222,5.4444,0,1,0
213,214,stimulus_214,2.8889,4.8889,0,0,0
214,215,stimulus_215,7.0,6.4444,3,3,1
215,216,stimulus_216,1.8889,6.1111,0,2,0
216,217,stimulus_217,7.2222,6.5556,3,3,1
217,218,stimulus_218,1.2222,6.2222,0,2,0
218,219,stimulus_219,8.3333,7.3333,3,3,1
221,222,stimulus_222,2.5556,6.5556,0,3,0
222,223,stimulus_223,2.8889,6.7778,0,3,0
224,225,stimulus_225,3.2222,3.4444,0,0,0
225,226,stimulus_226,1.3333,4.8889,0,0,0
227,228,stimulus_228,7.8889,7.7778,3,3,1
229,230,stimulus_230,7.4444,7.5556,3,3,1
231,232,stimulus_232,7.3333,6.7778,3,3,1
233,234,stimulus_234,2.0,7.7778,0,3,0
234,235,stimulus_235,1.4444,5.2222,0,1,0
235,236,stimulus_236,1.5556,4.5556,0,0,0
236,237,stimulus_237,7.3333,7.1111,3,3,1
237,238,stimulus_238,1.1111,6.4444,0,3,0
239,240,stimulus_240,1.4444,6.1111,0,2,0
242,243,stimulus_243,2.1111,5.5556,0,1,0
243,244,stimulus_244,2.3333,5.2222,0,1,0
248,249,stimulus_249,2.4444,5.8889,0,2,0
250,251,stimulus_251,7.0,7.0,3,3,1
251,252,stimulus_252,1.8889,5.6667,0,1,0
252,253,stimulus_253,7.2222,7.0,3,3,1
254,255,stimulus_255,7.0,4.7778,3,0,1
255,256,stimulus_256,7.4444,6.8889,3,3,1
257,258,stimulus_258,7.7778,6.7778,3,3,1
258,259,stimulus_259,1.8889,6.6667,0,3,0
259,260,stimulus_260,6.8889,6.6667,3,3,1
260,261,stimulus_261,7.0,6.4444,3,3,1
263,264,stimulus_264,7.1111,6.6667,3,3,1
265,266,stimulus_266,1.2222,7.4444,0,3,0
266,267,stimulus_267,6.7778,5.5556,3,1,1
267,268,stimulus_268,2.8889,4.0,0,0,0
268,269,stimulus_269,3.5556,7.7778,0,3,0
270,271,stimulus_271,1.3333,6.4444,0,3,0
272,273,stimulus_273,7.4444,6.5556,3,3,1
273,274,stimulus_274,7.2222,5.0,3,0,1
274,275,stimulus_275,7.4444,6.7778,3,3,1
275,276,stimulus_276,3.2222,5.7778,0,1,0
276,277,stimulus_277,6.8889,6.1111,3,2,1
277,278,stimulus_278,2.3333,4.8889,0,0,0
278,279,stimulus_279,2.0,4.7778,0,0,0
287,288,stimulus_288,1.3333,2.7778,0,0,0
288,289,stimulus_289,7.8889,6.8889,3,3,1
290,291,stimulus_291,7.7778,6.6667,3,3,1
291,292,stimulus_292,8.2222,5.8889,3,2,1
292,293,stimulus_293,7.3333,6.1111,3,2,1
294,295,stimulus_295,7.7778,6.7778,3,3,1
295,296,stimulus_296,7.3333,5.6667,3,1,1
296,297,stimulus_297,6.7778,5.7778,3,1,1
298,299,stimulus_299,2.4444,5.1111,0,0,0
300,301,stimulus_301,7.0,5.6667,3,1,1
303,304,stimulus_304,7.2222,5.3333,3,1,1
305,306,stimulus_306,2.2222,4.7778,0,0,0
306,307,stimulus_307,8.2222,6.0,3,2,1
307,308,stimulus_308,2.4444,6.7778,0,3,0
311,312,stimulus_312,3.3333,6.2222,0,2,0
314,315,stimulus_315,6.8889,5.5556,3,1,1
315,316,stimulus_316,2.7778,7.5556,0,3,0
316,317,stimulus_317,6.8889,6.4444,3,3,1
318,319,stimulus_319,7.7778,5.7778,3,1,1
319,320,stimulus_320,7.3333,7.4444,3,3,1
320,321,stimulus_321,7.8889,6.7778,3,3,1
321,322,stimulus_322,7.8889,6.1111,3,2,1
322,323,stimulus_323,7.3333,6.3333,3,2,1
324,325,stimulus_325,7.3333,6.6667,3,3,1
327,328,stimulus_328,7.7778,6.5556,3,3,1
328,329,stimulus_329,3.0,5.8889,0,2,0
330,331,stimulus_331,8.2222,6.2222,3,2,1
331,332,stimulus_332,2.6667,5.8889,0,2,0
334,335,stimulus_335,2.8889,4.2222,0,0,0
336,337,stimulus_337,6.7778,7.3333,3,3,1
338,339,stimulus_339,7.2222,4.1111,3,0,1
343,344,stimulus_344,7.5556,4.8889,3,0,1
344,345,stimulus_345,1.2222,5.2222,0,1,0
347,348,stimulus_348,7.8889,4.4444,3,0,1
351,352,stimulus_352,3.1111,5.7778,0,1,0
352,353,stimulus_353,8.1111,7.3333,3,3,1
353,354,stimulus_354,7.8889,4.6667,3,0,1
354,355,stimulus_355,1.3333,6.5556,0,3,0
355,356,stimulus_356,7.6667,5.8889,3,2,1
357,358,stimulus_358,7.2222,6.5556,3,3,1
361,362,stimulus_362,7.1111,6.3333,3,2,1
362,363,stimulus_363,2.4444,5.5556,0,1,0
363,364,stimulus_364,1.4444,5.8889,0,2,0
364,365,stimulus_365,7.2222,6.2222,3,2,1
365,366,stimulus_366,7.1111,5.8889,3,2,1
373,374,stimulus_374,2.4444,5.4444,0,1,0
376,377,stimulus_377,3.2222,6.0,0,2,0
378,379,stimulus_379,2.7778,5.6667,0,1,0
379,380,stimulus_380,6.7778,6.4444,3,3,1
380,381,stimulus_381,7.1111,6.1111,3,2,1
382,383,stimulus_383,1.1111,5.3333,0,1,0
383,384,stimulus_384,3.2222,5.6667,0,1,0
386,387,stimulus_387,1.4444,5.6667,0,1,0
387,388,stimulus_388,7.5556,6.2222,3,2,1
388,389,stimulus_389,2.1111,7.1111,0,3,0
390,391,stimulus_391,7.6667,6.7778,3,3,1
391,392,stimulus_392,8.4444,6.1111,3,2,1
392,393,stimulus_393,2.7778,4.8889,0,0,0
395,396,stimulus_396,7.0,5.7778,3,1,1
399,400,stimulus_400,7.2222,6.2222,3,2,1
402,403,stimulus_403,7.5556,4.5556,3,0,1
404,405,stimulus_405,6.7778,5.0,3,0,1
405,406,stimulus_406,1.5556,4.5556,0,0,0
408,409,stimulus_409,7.0,7.2222,3,3,1
409,410,stimulus_410,6.7778,4.5556,3,0,1
410,411,stimulus_411,7.2222,6.5556,3,3,1
412,413,stimulus_413,6.7778,3.8889,3,0,1
413,414,stimulus_414,2.0,4.6667,0,0,0
416,417,stimulus_417,2.1111,6.7778,0,3,0
417,418,stimulus_418,7.4444,3.8889,3,0,1
419,420,stimulus_420,6.7778,6.1111,3,2,1
420,421,stimulus_421,7.3333,3.1111,3,0,1
421,422,stimulus_422,2.2222,6.6667,0,3,0
422,423,stimulus_423,3.3333,5.7778,0,1,0
424,425,stimulus_425,7.8889,6.2222,3,2,1
425,426,stimulus_426,8.1111,6.8889,3,3,1
428,429,stimulus_429,7.4444,6.4444,3,3,1
430,431,stimulus_431,6.7778,6.4444,3,3,1
431,432,stimulus_432,7.0,6.4444,3,3,1
433,434,stimulus_434,1.3333,5.3333,0,1,0
434,435,stimulus_435,2.8889,6.3333,0,2,0
435,436,stimulus_436,3.3333,6.0,0,2,0
436,437,stimulus_437,1.6667,6.3333,0,2,0
437,438,stimulus_438,6.8889,5.0,3,0,1
438,439,stimulus_439,2.2222,5.5556,0,1,0
440,441,stimulus_441,1.4444,3.1111,0,0,0
442,443,stimulus_443,2.2222,6.2222,0,2,0
443,444,stimulus_444,2.5556,5.3333,0,1,0
444,445,stimulus_445,7.5556,6.5556,3,3,1
445,446,stimulus_446,6.7778,5.6667,3,1,1
449,450,stimulus_450,1.6667,6.0,0,2,0
450,451,stimulus_451,2.2222,6.6667,0,3,0
451,452,stimulus_452,7.1111,7.0,3,3,1
453,454,stimulus_454,7.1111,6.3333,3,2,1
457,458,stimulus_458,8.3333,6.8889,3,3,1
459,460,stimulus_460,2.7778,6.5556,0,3,0
460,461,stimulus_461,1.6667,6.4444,0,3,0
461,462,stimulus_462,7.2222,6.2222,3,2,1
463,464,stimulus_464,1.6667,5.1111,0,0,0
464,465,stimulus_465,7.4444,8.0,3,3,1
465,466,stimulus_466,2.8889,5.3333,0,1,0
471,472,stimulus_472,7.8889,5.8889,3,2,1
473,474,stimulus_474,1.2222,6.6667,0,3,0
478,479,stimulus_479,8.5556,5.7778,3,1,1
479,480,stimulus_480,8.6667,7.0,3,3,1
480,481,stimulus_481,2.1111,6.0,0,2,0
481,482,stimulus_482,2.3333,6.0,0,2,0
482,483,stimulus_483,7.4444,5.7778,3,1,1
488,489,stimulus_489,2.0,6.8889,0,3,0
489,490,stimulus_490,2.0,5.3333,0,1,0
491,492,stimulus_492,3.0,4.7778,0,0,0
493,494,stimulus_494,2.3333,5.3333,0,1,0
494,495,stimulus_495,3.1111,4.5556,0,0,0
500,501,stimulus_501,7.1111,7.0,3,3,1
506,507,stimulus_507,7.2222,5.2222,3,1,1
510,511,stimulus_511,6.7778,6.6667,3,3,1
511,512,stimulus_512,1.7778,4.6667,0,0,0
512,513,stimulus_513,2.6667,5.0,0,0,0
513,514,stimulus_514,1.6667,5.1111,0,0,0
514,515,stimulus_515,7.5556,5.4444,3,1,1
515,516,stimulus_516,6.7778,7.0,3,3,1
517,518,stimulus_518,7.2222,5.0,3,0,1
518,519,stimulus_519,8.1111,4.5556,3,0,1
520,521,stimulus_521,7.2222,5.4444,3,1,1
521,522,stimulus_522,2.2222,6.4444,0,3,0
523,524,stimulus_524,1.3333,6.8889,0,3,0
527,528,stimulus_528,6.7778,4.2222,3,0,1
528,529,stimulus_529,1.2222,5.1111,0,0,0
529,530,stimulus_530,8.6667,6.0,3,2,1
530,531,stimulus_531,7.1111,6.1111,3,2,1
531,532,stimulus_532,2.1111,5.0,0,0,0
533,534,stimulus_534,8.0,6.5556,3,3,1
534,535,stimulus_535,7.4444,5.4444,3,1,1
535,536,stimulus_536,2.7778,6.6667,0,3,0
538,539,stimulus_539,7.8889,7.7778,3,3,1
539,540,stimulus_540,7.4444,6.8889,3,3,1
542,543,stimulus_543,7.3333,5.2222,3,1,1
546,547,stimulus_547,3.1111,5.4444,0,1,0
547,548,stimulus_548,2.7778,5.5556,0,1,0
550,551,stimulus_551,1.4444,3.6667,0,0,0
552,553,stimulus_553,6.7778,6.2222,3,2,1
553,554,stimulus_554,2.3333,5.1111,0,0,0
554,555,stimulus_555,6.7778,6.6667,3,3,1
557,558,stimulus_558,3.1111,6.4444,0,3,0
559,560,stimulus_560,7.8889,6.3333,3,2,1
560,561,stimulus_561,7.1111,6.3333,3,2,1
562,563,stimulus_563,3.5556,5.1111,0,0,0
563,564,stimulus_564,2.6667,4.3333,0,0,0
564,565,stimulus_565,1.1111,5.6667,0,1,0
565,566,stimulus_566,2.3333,6.1111,0,2,0
569,570,stimulus_570,7.4444,6.7778,3,3,1
570,571,stimulus_571,6.8889,5.6667,3,1,1
572,573,stimulus_573,8.2222,5.4444,3,1,1
573,574,stimulus_574,8.3333,7.1111,3,3,1
575,576,stimulus_576,7.6667,6.7778,3,3,1
576,577,stimulus_577,7.4444,4.4444,3,0,1
578,579,stimulus_579,7.5556,5.8889,3,2,1
583,584,stimulus_584,7.5556,4.6667,3,0,1
587,588,stimulus_588,3.4444,5.4444,0,1,0
589,590,stimulus_590,7.2222,4.2222,3,0,1
590,591,stimulus_591,6.8889,5.4444,3,1,1
592,593,stimulus_593,7.5556,6.3333,3,2,1
594,595,stimulus_595,1.8889,6.8889,0,3,0
595,596,stimulus_596,2.2222,3.4444,0,0,0
596,597,stimulus_597,8.6667,6.6667,3,3,1
603,604,stimulus_604,2.5556,7.0,0,3,0
604,605,stimulus_605,7.0,5.7778,3,1,1
605,606,stimulus_606,1.2222,7.0,0,3,0
608,609,stimulus_609,6.7778,6.8889,3,3,1
610,611,stimulus_611,3.5556,6.2222,0,2,0
614,615,stimulus_615,2.3333,5.3333,0,1,0
615,616,stimulus_616,7.0,5.8889,3,2,1
616,617,stimulus_617,7.5556,5.3333,3,1,1
617,618,stimulus_618,6.7778,5.4444,3,1,1
624,625,stimulus_625,6.8889,5.7778,3,1,1
626,627,stimulus_627,8.3333,6.8889,3,3,1
627,628,stimulus_628,7.2222,4.2222,3,0,1
629,630,stimulus_630,7.5556,6.4444,3,3,1
631,632,stimulus_632,2.7778,5.5556,0,1,0
633,634,stimulus_634,1.2222,6.3333,0,2,0
634,635,stimulus_635,8.2222,5.3333,3,1,1
636,637,stimulus_637,7.2222,5.8889,3,2,1
637,638,stimulus_638,7.5556,6.1111,3,2,1
639,640,stimulus_640,6.8889,5.6667,3,1,1
640,641,stimulus_641,7.2222,6.6667,3,3,1
642,643,stimulus_643,1.4444,5.7778,0,1,0
643,644,stimulus_644,1.2222,5.1111,0,0,0
644,645,stimulus_645,7.6667,6.7778,3,3,1
645,646,stimulus_646,1.1111,6.5556,0,3,0
646,647,stimulus_647,1.2222,7.1111,0,3,0
651,652,stimulus_652,2.2222,4.7778,0,0,0
659,660,stimulus_660,7.6667,6.3333,3,2,1
661,662,stimulus_662,6.7778,6.5556,3,3,1
665,666,stimulus_666,8.3333,6.1111,3,2,1
666,667,stimulus_667,1.4444,4.8889,0,0,0
667,668,stimulus_668,3.5556,5.1111,0,0,0
669,670,stimulus_670,7.1111,5.7778,3,1,1
672,673,stimulus_673,2.6667,5.0,0,0,0
673,674,stimulus_674,1.5556,6.7778,0,3,0
675,676,stimulus_676,7.3333,7.4444,3,3,1
677,678,stimulus_678,7.2222,6.2222,3,2,1
679,680,stimulus_680,7.4444,5.8889,3,2,1
680,681,stimulus_681,2.0,5.5556,0,1,0
681,682,stimulus_682,7.7778,5.6667,3,1,1
682,683,stimulus_683,7.7778,6.1111,3,2,1
687,688,stimulus_688,7.6667,6.5556,3,3,1
689,690,stimulus_690,2.7778,6.7778,0,3,0
692,693,stimulus_693,3.5556,4.0,0,0,0
697,698,stimulus_698,3.5556,6.7778,0,3,0
698,699,stimulus_699,1.3333,5.8889,0,2,0
701,702,stimulus_702,7.5556,5.5556,3,1,1
705,706,stimulus_706,2.3333,6.5556,0,3,0
706,707,stimulus_707,2.7778,3.7778,0,0,0
707,708,stimulus_708,7.6667,5.8889,3,2,1
711,712,stimulus_712,6.7778,6.7778,3,3,1
712,713,stimulus_713,1.7778,4.0,0,0,0
714,715,stimulus_715,7.1111,4.8889,3,0,1
716,717,stimulus_717,1.6667,5.6667,0,1,0
718,719,stimulus_719,3.3333,7.0,0,3,0
719,720,stimulus_720,3.0,5.3333,0,1,0
723,724,stimulus_724,2.6667,5.8889,0,2,0
724,725,stimulus_725,6.7778,5.7778,3,1,1
726,727,stimulus_727,2.0,5.6667,0,1,0
729,730,stimulus_730,2.5556,6.2222,0,2,0
735,736,stimulus_736,2.7778,6.0,0,2,0
738,739,stimulus_739,7.4444,6.3333,3,2,1
742,743,stimulus_743,7.1111,5.0,3,0,1
743,744,stimulus_744,1.7778,6.1111,0,2,0
744,745,stimulus_745,6.8889,7.0,3,3,1
745,746,stimulus_746,1.1111,5.6667,0,1,0
748,749,stimulus_749,8.0,8.4444,3,3,1
749,750,stimulus_750,1.0,7.2222,0,3,0
750,751,stimulus_751,7.8889,5.4444,3,1,1
752,753,stimulus_753,8.1111,8.1111,3,3,1
755,756,stimulus_756,1.5556,5.6667,0,1,0
756,757,stimulus_757,6.8889,5.5556,3,1,1
758,759,stimulus_759,2.3333,5.6667,0,1,0
759,760,stimulus_760,2.4444,6.1111,0,2,0
761,762,stimulus_762,6.7778,6.3333,3,2,1
765,766,stimulus_766,7.1111,6.2222,3,2,1
766,767,stimulus_767,2.6667,5.7778,0,1,0
767,768,stimulus_768,3.3333,5.2222,0,1,0
768,769,stimulus_769,7.3333,5.3333,3,1,1
770,771,stimulus_771,7.2222,5.4444,3,1,1
771,772,stimulus_772,7.6667,7.3333,3,3,1
772,773,stimulus_773,7.1111,5.4444,3,1,1
774,775,stimulus_775,6.7778,5.8889,3,2,1
775,776,stimulus_776,1.8889,6.5556,0,3,0
776,777,stimulus_777,1.1111,6.8889,0,3,0
777,778,stimulus_778,2.4444,5.6667,0,1,0
778,779,stimulus_779,7.0,4.1111,3,0,1
779,780,stimulus_780,7.3333,5.6667,3,1,1
780,781,stimulus_781,1.6667,4.5556,0,0,0
785,786,stimulus_786,7.6667,5.0,3,0,1
787,788,stimulus_788,7.7778,6.4444,3,3,1
788,789,stimulus_789,7.4444,6.2222,3,2,1
789,790,stimulus_790,1.2222,6.5556,0,3,0
791,792,stimulus_792,1.5556,6.1111,0,2,0
794,795,stimulus_795,7.6667,5.6667,3,1,1
797,798,stimulus_798,7.8889,7.4444,3,3,1
798,799,stimulus_799,7.3333,5.8889,3,2,1
799,800,stimulus_800,7.3333,5.5556,3,1,1
802,803,stimulus_803,3.3333,4.1111,0,0,0
803,804,stimulus_804,2.1111,4.2222,0,0,0
807,808,stimulus_808,3.1111,7.0,0,3,0
808,809,stimulus_809,3.1111,4.5556,0,0,0
810,811,stimulus_811,3.0,6.0,0,2,0
812,813,stimulus_813,1.8889,6.3333,0,2,0
819,820,stimulus_820,8.4444,7.2222,3,3,1
820,821,stimulus_821,2.5556,4.2222,0,0,0
825,826,stimulus_826,1.7778,3.8889,0,0,0
826,827,stimulus_827,3.1111,6.0,0,2,0
827,828,stimulus_828,7.5556,6.8889,3,3,1
828,829,stimulus_829,1.7778,5.6667,0,1,0
829,830,stimulus_830,7.6667,6.0,3,2,1
831,832,stimulus_832,6.7778,7.2222,3,3,1
833,834,stimulus_834,3.2222,6.3333,0,2,0
835,836,stimulus_836,1.1111,4.3333,0,0,0
837,838,stimulus_838,7.3333,6.4444,3,3,1
838,839,stimulus_839,2.3333,5.3333,0,1,0
839,840,stimulus_840,6.8889,6.8889,3,3,1
840,841,stimulus_841,2.1111,4.8889,0,0,0
841,842,stimulus_842,7.2222,7.4444,3,3,1
844,845,stimulus_845,3.3333,7.1111,0,3,0
847,848,stimulus_848,7.5556,5.4444,3,1,1
848,849,stimulus_849,2.5556,3.7778,0,0,0
849,850,stimulus_850,2.8889,3.2222,0,0,0
854,855,stimulus_855,2.8889,5.4444,0,1,0
855,856,stimulus_856,2.3333,6.0,0,2,0
856,857,stimulus_857,2.2222,4.5556,0,0,0
857,858,stimulus_858,6.8889,5.7778,3,1,1
858,859,stimulus_859,7.2222,5.7778,3,1,1
860,861,stimulus_861,1.7778,6.0,0,2,0
862,863,stimulus_863,3.1111,4.7778,0,0,0
864,865,stimulus_865,1.7778,6.0,0,2,0
865,866,stimulus_866,1.0,7.1111,0,3,0
867,868,stimulus_868,7.2222,5.3333,3,1,1
868,869,stimulus_869,2.1111,7.3333,0,3,0
873,874,stimulus_874,1.8889,5.4444,0,1,0
875,876,stimulus_876,1.6667,3.1111,0,0,0
876,877,stimulus_877,1.8889,5.1111,0,0,0
879,880,stimulus_880,6.7778,5.0,3,0,1
883,884,stimulus_884,7.3333,5.6667,3,1,1
885,886,stimulus_886,2.7778,6.1111,0,2,0
886,887,stimulus_887,1.6667,6.7778,0,3,0
887,888,stimulus_888,2.8889,5.1111,0,0,0
888,889,stimulus_889,2.3333,6.1111,0,2,0
891,892,stimulus_892,7.0,5.8889,3,2,1
893,894,stimulus_894,7.1111,6.3333,3,2,1
895,896,stimulus_896,7.1111,6.0,3,2,1
896,897,stimulus_897,7.6667,6.5556,3,3,1
897,898,stimulus_898,7.7778,5.6667,3,1,1
898,899,stimulus_899,7.0,7.2222,3,3,1
903,904,stimulus_904,6.7778,4.1111,3,0,1
904,905,stimulus_905,1.6667,5.4444,0,1,0
905,906,stimulus_906,6.8889,6.0,3,2,1
908,909,stimulus_909,3.0,4.8889,0,0,0
910,911,stimulus_911,2.3333,4.1111,0,0,0
913,914,stimulus_914,2.4444,5.4444,0,1,0
914,915,stimulus_915,8.0,6.5556,3,3,1
915,916,stimulus_916,6.7778,6.8889,3,3,1
917,918,stimulus_918,8.0,5.8889,3,2,1
918,919,stimulus_919,7.2222,6.5556,3,3,1
919,920,stimulus_920,6.8889,6.7778,3,3,1
920,921,stimulus_921,7.7778,7.6667,3,3,1
922,923,stimulus_923,8.7778,7.1111,3,3,1
924,925,stimulus_925,1.6667,6.1111,0,2,0
925,926,stimulus_926,2.2222,4.8889,0,0,0
926,927,stimulus_927,7.6667,5.6667,3,1,1
928,929,stimulus_929,2.7778,5.4444,0,1,0
930,931,stimulus_931,8.1111,6.2222,3,2,1
931,932,stimulus_932,8.1111,6.8889,3,3,1
933,934,stimulus_934,7.1111,5.4444,3,1,1
934,935,stimulus_935,2.1111,7.6667,0,3,0
935,936,stimulus_936,6.7778,6.3333,3,2,1
936,937,stimulus_937,1.8889,5.7778,0,1,0
939,940,stimulus_940,2.2222,5.3333,0,1,0
942,943,stimulus_943,7.5556,5.0,3,0,1
943,944,stimulus_944,7.0,6.6667,3,3,1
947,948,stimulus_948,2.5556,6.0,0,2,0
953,954,stimulus_954,6.7778,6.0,3,2,1
954,955,stimulus_955,3.0,5.0,0,0,0
955,956,stimulus_956,2.7778,3.3333,0,0,0
957,958,stimulus_958,1.7778,5.3333,0,1,0
959,960,stimulus_960,7.0,5.8889,3,2,1
960,961,stimulus_961,7.6667,6.7778,3,3,1
961,962,stimulus_962,3.2222,7.1111,0,3,0
962,963,stimulus_963,7.7778,6.6667,3,3,1
963,964,stimulus_964,7.0,6.6667,3,3,1
964,965,stimulus_965,1.7778,6.4444,0,3,0
965,966,stimulus_966,7.4444,5.3333,3,1,1
966,967,stimulus_967,6.8889,5.6667,3,1,1
967,968,stimulus_968,2.5556,4.7778,0,0,0
970,971,stimulus_971,1.6667,6.8889,0,3,0
971,972,stimulus_972,8.1111,6.5556,3,3,1
972,973,stimulus_973,2.8889,6.7778,0,3,0
974,975,stimulus_975,3.2222,5.1111,0,0,0
976,977,stimulus_977,2.7778,6.1111,0,2,0
977,978,stimulus_978,7.3333,5.7778,3,1,1
979,980,stimulus_980,6.8889,6.6667,3,3,1
980,981,stimulus_981,6.8889,6.1111,3,2,1
981,982,stimulus_982,7.1111,7.0,3,3,1
988,989,stimulus_989,3.2222,4.0,0,0,0
990,991,stimulus_991,1.0,3.6667,0,0,0
991,992,stimulus_992,8.2222,7.2222,3,3,1
992,993,stimulus_993,7.7778,6.3333,3,2,1
993,994,stimulus_994,3.3333,5.5556,0,1,0
995,996,stimulus_996,7.6667,7.1111,3,3,1
996,997,stimulus_997,8.3333,8.6667,3,3,1
998,999,stimulus_999,2.7778,2.8889,0,0,0
999,1000,stimulus_1000,7.3333,6.1111,3,2,1
1000,1001,stimulus_1001,3.4444,5.7778,0,1,0
1001,1002,stimulus_1002,7.1111,6.0,3,2,1
1003,1004,stimulus_1004,1.5556,4.5556,0,0,0
1004,1005,stimulus_1005,7.7778,5.3333,3,1,1
1006,1007,stimulus_1007,7.7778,6.5556,3,3,1
1007,1008,stimulus_1008,7.2222,8.5556,3,3,1
1008,1009,stimulus_1009,7.8889,5.8889,3,2,1
1011,1012,stimulus_1012,7.5556,5.8889,3,2,1
1013,1014,stimulus_1014,2.0,7.0,0,3,0
1014,1015,stimulus_1015,1.8889,5.3333,0,1,0
1015,1016,stimulus_1016,8.0,3.5556,3,0,1
1017,1018,stimulus_1018,6.7778,4.4444,3,0,1
1018,1019,stimulus_1019,1.8889,5.3333,0,1,0
1020,1021,stimulus_1021,3.0,5.7778,0,1,0
1024,1025,stimulus_1025,7.1111,5.7778,3,1,1
1025,1026,stimulus_1026,1.4444,5.8889,0,2,0
1028,1029,stimulus_1029,7.1111,5.6667,3,1,1
1030,1031,stimulus_1031,6.7778,5.2222,3,1,1
1031,1032,stimulus_1032,8.2222,5.8889,3,2,1
1033,1034,stimulus_1034,8.3333,5.8889,3,2,1
1036,1037,stimulus_1037,3.5556,6.3333,0,2,0
1037,1038,stimulus_1038,7.3333,7.8889,3,3,1
1041,1042,stimulus_1042,2.3333,6.6667,0,3,0
1042,1043,stimulus_1043,7.5556,6.7778,3,3,1
1043,1044,stimulus_1044,2.5556,4.8889,0,0,0
1044,1045,stimulus_1045,7.6667,5.5556,3,1,1
1046,1047,stimulus_1047,7.6667,6.4444,3,3,1
1047,1048,stimulus_1048,8.1111,6.5556,3,3,1
1049,1050,stimulus_1050,7.4444,6.0,3,2,1
1050,1051,stimulus_1051,6.8889,7.1111,3,3,1
1051,1052,stimulus_1052,3.1111,5.5556,0,1,0
1052,1053,stimulus_1053,6.8889,6.1111,3,2,1
1055,1056,stimulus_1056,7.1111,6.6667,3,3,1
1056,1057,stimulus_1057,3.4444,6.2222,0,2,0
1059,1060,stimulus_1060,7.3333,6.0,3,2,1
1060,1061,stimulus_1061,7.6667,6.1111,3,2,1
1061,1062,stimulus_1062,7.0,5.4444,3,1,1
1070,1071,stimulus_1071,8.7778,4.8889,3,0,1
1073,1074,stimulus_1074,8.0,5.8889,3,2,1
1078,1079,stimulus_1079,1.8889,6.5556,0,3,0
1079,1080,stimulus_1080,7.8889,6.4444,3,3,1
1082,1083,stimulus_1083,7.0,6.6667,3,3,1
1083,1084,stimulus_1084,7.0,6.3333,3,2,1
1085,1086,stimulus_1086,8.0,7.0,3,3,1
1089,1090,stimulus_1090,2.3333,4.2222,0,0,0
1091,1092,stimulus_1092,7.3333,6.1111,3,2,1
1092,1093,stimulus_1093,7.6667,6.0,3,2,1
1094,1095,stimulus_1095,3.3333,5.8889,0,2,0
1095,1096,stimulus_1096,3.3333,6.0,0,2,0
1096,1097,stimulus_1097,7.5556,6.6667,3,3,1
1097,1098,stimulus_1098,6.8889,6.0,3,2,1
1100,1101,stimulus_1101,2.7778,5.3333,0,1,0
1101,1102,stimulus_1102,7.4444,6.8889,3,3,1
1102,1103,stimulus_1103,1.6667,6.3333,0,2,0
1104,1105,stimulus_1105,7.1111,6.2222,3,2,1
1106,1107,stimulus_1107,7.7778,7.4444,3,3,1
1108,1109,stimulus_1109,3.2222,6.7778,0,3,0
1109,1110,stimulus_1110,6.7778,6.6667,3,3,1
1110,1111,stimulus_1111,1.8889,6.2222,0,2,0
1111,1112,stimulus_1112,8.3333,7.0,3,3,1
1112,1113,stimulus_1113,8.4444,5.8889,3,2,1
1113,1114,stimulus_1114,2.7778,6.8889,0,3,0
1114,1115,stimulus_1115,3.0,6.8889,0,3,0
1116,1117,stimulus_1117,2.8889,3.8889,0,0,0
1117,1118,stimulus_1118,2.8889,4.8889,0,0,0
1118,1119,stimulus_1119,2.6667,6.2222,0,2,0
1119,1120,stimulus_1120,6.7778,6.6667,3,3,1
1121,1122,stimulus_1122,2.2222,5.3333,0,1,0
1122,1123,stimulus_1123,1.3333,4.0,0,0,0
1123,1124,stimulus_1124,7.4444,6.7778,3,3,1
1125,1126,stimulus_1126,1.5556,5.3333,0,1,0
1126,1127,stimulus_1127,8.3333,5.5556,3,1,1
1129,1130,stimulus_1130,6.7778,5.2222,3,1,1
1130,1131,stimulus_1131,7.2222,6.6667,3,3,1
1132,1133,stimulus_1133,7.6667,6.8889,3,3,1
1134,1135,stimulus_1135,3.5556,5.7778,0,1,0
1135,1136,stimulus_1136,2.8889,5.5556,0,1,0
1136,1137,stimulus_1137,2.3333,5.1111,0,0,0
1144,1145,stimulus_1145,7.0,6.4444,3,3,1
1145,1146,stimulus_1146,6.8889,6.3333,3,2,1
1150,1151,stimulus_1151,7.0,6.6667,3,3,1
1151,1152,stimulus_1152,7.1111,7.3333,3,3,1
1152,1153,stimulus_1153,7.0,6.8889,3,3,1
1153,1154,stimulus_1154,7.2222,5.4444,3,1,1
1156,1157,stimulus_1157,7.8889,4.2222,3,0,1
1157,1158,stimulus_1158,7.4444,5.7778,3,1,1
1158,1159,stimulus_1159,7.7778,6.7778,3,3,1
1159,1160,stimulus_1160,2.3333,7.3333,0,3,0
1162,1163,stimulus_1163,7.3333,7.4444,3,3,1
1163,1164,stimulus_1164,2.5556,4.1111,0,0,0
1164,1165,stimulus_1165,2.3333,6.4444,0,3,0
1167,1168,stimulus_1168,7.7778,7.4444,3,3,1
1169,1170,stimulus_1170,1.4444,4.3333,0,0,0
1171,1172,stimulus_1172,2.8889,6.7778,0,3,0
1172,1173,stimulus_1173,7.7778,7.4444,3,3,1
1173,1174,stimulus_1174,1.2222,5.7778,0,1,0
1174,1175,stimulus_1175,6.7778,7.0,3,3,1
1175,1176,stimulus_1176,3.4444,4.5556,0,0,0
1176,1177,stimulus_1177,2.7778,2.0,0,0,0
1178,1179,stimulus_1179,7.1111,6.8889,3,3,1
1179,1180,stimulus_1180,7.4444,5.7778,3,1,1
1180,1181,stimulus_1181,3.1111,6.1111,0,2,0
1181,1182,stimulus_1182,3.5556,3.4444,0,0,0
1182,1183,stimulus_1183,1.8889,5.8889,0,2,0
1183,1184,stimulus_1184,1.4444,4.7778,0,0,0
1184,1185,stimulus_1185,2.2222,5.4444,0,1,0
1186,1187,stimulus_1187,7.8889,6.0,3,2,1
1187,1188,stimulus_1188,7.5556,6.2222,3,2,1
1188,1189,stimulus_1189,1.7778,6.2222,0,2,0
1189,1190,stimulus_1190,2.1111,4.8889,0,0,0
1190,1191,stimulus_1191,6.7778,6.4444,3,3,1
1192,1193,stimulus_1193,7.5556,6.0,3,2,1
1193,1194,stimulus_1194,1.3333,6.0,0,2,0
1195,1196,stimulus_1196,3.0,5.6667,0,1,0
1198,1199,stimulus_1199,1.1111,6.3333,0,2,0
1201,1202,stimulus_1202,2.8889,5.6667,0,1,0
1202,1203,stimulus_1203,2.4444,5.4444,0,1,0
1203,1204,stimulus_1204,3.0,5.2222,0,1,0
1204,1205,stimulus_1205,7.2222,6.5556,3,3,1
1206,1207,stimulus_1207,8.2222,6.2222,3,2,1
1207,1208,stimulus_1208,2.6667,4.6667,0,0,0
1208,1209,stimulus_1209,7.4444,4.7778,3,0,1
1209,1210,stimulus_1210,7.0,6.0,3,2,1
1211,1212,stimulus_1212,2.7778,6.4444,0,3,0
1212,1213,stimulus_1213,7.3333,6.5556,3,3,1
1213,1214,stimulus_1214,2.8889,7.0,0,3,0
1215,1216,stimulus_1216,7.1111,4.8889,3,0,1
1216,1217,stimulus_1217,2.1111,6.1111,0,2,0
1220,1221,stimulus_1221,2.0,6.3333,0,2,0
1221,1222,stimulus_1222,2.2222,5.3333,0,1,0
1223,1224,stimulus_1224,2.2222,6.2222,0,2,0
1225,1226,stimulus_1226,2.2222,6.5556,0,3,0
1226,1227,stimulus_1227,3.1111,6.5556,0,3,0
1228,1229,stimulus_1229,3.4444,6.2222,0,2,0
1230,1231,stimulus_1231,3.4444,7.4444,0,3,0
1231,1232,stimulus_1232,8.3333,4.7778,3,0,1
1234,1235,stimulus_1235,3.0,7.4444,0,3,0
1235,1236,stimulus_1236,7.8889,5.7778,3,1,1
1236,1237,stimulus_1237,2.6667,7.3333,0,3,0
1239,1240,stimulus_1240,7.0,5.6667,3,1,1
1241,1242,stimulus_1242,7.2222,6.4444,3,3,1
1242,1243,stimulus_1243,7.0,7.0,3,3,1
1244,1245,stimulus_1245,7.6667,6.5556,3,3,1
1245,1246,stimulus_1246,8.1111,6.4444,3,3,1
1247,1248,stimulus_1248,8.1111,7.8889,3,3,1
1251,1252,stimulus_1252,6.7778,7.1111,3,3,1
1252,1253,stimulus_1253,7.0,6.8889,3,3,1
1254,1255,stimulus_1255,6.8889,6.3333,3,2,1
1258,1259,stimulus_1259,2.1111,5.7778,0,1,0
1259,1260,stimulus_1260,2.6667,6.7778,0,3,0
1262,1263,stimulus_1263,8.4444,6.3333,3,2,1
1266,1267,stimulus_1267,8.1111,5.4444,3,1,1
1267,1268,stimulus_1268,2.0,6.2222,0,2,0
1268,1269,stimulus_1269,7.8889,6.4444,3,3,1
1269,1270,stimulus_1270,7.8889,5.7778,3,1,1
1270,1271,stimulus_1271,1.1111,7.2222,0,3,0
1271,1272,stimulus_1272,7.8889,5.5556,3,1,1
1272,1273,stimulus_1273,7.2222,6.0,3,2,1
1274,1275,stimulus_1275,1.7778,3.7778,0,0,0
1275,1276,stimulus_1276,2.0,6.5556,0,3,0
1278,1279,stimulus_1279,2.0,5.7778,0,1,0
1281,1282,stimulus_1282,7.4444,5.8889,3,2,1
1282,1283,stimulus_1283,2.8889,6.1111,0,2,0
1285,1286,stimulus_1286,1.6667,5.4444,0,1,0
1288,1289,stimulus_1289,6.8889,5.2222,3,1,1
1289,1290,stimulus_1290,8.0,7.2222,3,3,1
1290,1291,stimulus_1291,7.0,6.3333,3,2,1
1291,1292,stimulus_1292,1.6667,5.7778,0,1,0
1293,1294,stimulus_1294,3.1111,6.1111,0,2,0
1294,1295,stimulus_1295,7.1111,5.3333,3,1,1
1297,1298,stimulus_1298,2.0,4.8889,0,0,0
1299,1300,stimulus_1300,8.0,4.5556,3,0,1
1301,1302,stimulus_1302,3.2222,2.8889,0,0,0
1302,1303,stimulus_1303,1.7778,4.2222,0,0,0
1303,1304,stimulus_1304,3.5556,4.8889,0,0,0
1307,1308,stimulus_1308,6.7778,6.4444,3,3,1
1308,1309,stimulus_1309,2.0,3.5556,0,0,0
1309,1310,stimulus_1310,1.7778,6.3333,0,2,0
1310,1311,stimulus_1311,7.7778,6.4444,3,3,1
1311,1312,stimulus_1312,6.7778,5.6667,3,1,1
1312,1313,stimulus_1313,2.6667,6.8889,0,3,0
1317,1318,stimulus_1318,2.7778,7.0,0,3,0
1322,1323,stimulus_1323,2.0,6.7778,0,3,0
1325,1326,stimulus_1326,7.0,7.3333,3,3,1
1326,1327,stimulus_1327,7.0,5.2222,3,1,1
1327,1328,stimulus_1328,6.7778,6.3333,3,2,1
1332,1333,stimulus_1333,7.4444,6.3333,3,2,1
1336,1337,stimulus_1337,7.6667,6.7778,3,3,1
1338,1339,stimulus_1339,1.0,5.4444,0,1,0
1348,1349,stimulus_1349,7.6667,6.6667,3,3,1
1349,1350,stimulus_1350,3.3333,4.4444,0,0,0
1350,1351,stimulus_1351,2.7778,3.7778,0,0,0
1352,1353,stimulus_1353,8.2222,6.3333,3,2,1
1353,1354,stimulus_1354,6.8889,6.1111,3,2,1
1354,1355,stimulus_1355,2.5556,2.7778,0,0,0
1356,1357,stimulus_1357,6.8889,5.0,3,0,1
1359,1360,stimulus_1360,7.4444,4.5556,3,0,1
1360,1361,stimulus_1361,3.3333,6.6667,0,3,0
1361,1362,stimulus_1362,1.7778,6.8889,0,3,0
1362,1363,stimulus_1363,7.4444,5.4444,3,1,1
1364,1365,stimulus_1365,6.8889,7.0,3,3,1
1366,1367,stimulus_1367,7.0,6.0,3,2,1
1367,1368,stimulus_1368,7.2222,4.5556,3,0,1
1369,1370,stimulus_1370,7.7778,7.0,3,3,1
1371,1372,stimulus_1372,6.7778,3.2222,3,0,1
1372,1373,stimulus_1373,2.1111,7.0,0,3,0
1374,1375,stimulus_1375,2.4444,7.5556,0,3,0
1376,1377,stimulus_1377,7.5556,7.6667,3,3,1
1377,1378,stimulus_1378,7.8889,5.0,3,0,1
1378,1379,stimulus_1379,7.7778,4.7778,3,0,1
1379,1380,stimulus_1380,7.2222,5.2222,3,1,1
1380,1381,stimulus_1381,7.4444,5.6667,3,1,1
1382,1383,stimulus_1383,7.3333,5.5556,3,1,1
1386,1387,stimulus_1387,7.0,6.6667,3,3,1
1393,1394,stimulus_1394,7.2222,7.5556,3,3,1
1398,1399,stimulus_1399,6.7778,6.7778,3,3,1
1402,1403,stimulus_1403,3.4444,4.4444,0,0,0
1404,1405,stimulus_1405,8.1111,6.0,3,2,1
1405,1406,stimulus_1406,1.3333,6.5556,0,3,0
1406,1407,stimulus_1407,7.3333,4.6667,3,0,1
1407,1408,stimulus_1408,7.5556,5.1111,3,0,1
1408,1409,stimulus_1409,7.2222,5.1111,3,0,1
1409,1410,stimulus_1410,7.5556,6.4444,3,3,1
1410,1411,stimulus_1411,7.2222,6.1111,3,2,1
1413,1414,stimulus_1414,2.0,5.4444,0,1,0
1414,1415,stimulus_1415,6.8889,5.4444,3,1,1
1415,1416,stimulus_1416,8.1111,6.2222,3,2,1
1416,1417,stimulus_1417,8.0,5.0,3,0,1
1417,1418,stimulus_1418,8.2222,4.5556,3,0,1
1418,1419,stimulus_1419,2.5556,6.0,0,2,0
1420,1421,stimulus_1421,7.7778,5.7778,3,1,1
1421,1422,stimulus_1422,3.2222,6.6667,0,3,0
1422,1423,stimulus_1423,1.1111,5.0,0,0,0
1424,1425,stimulus_1425,2.8889,3.7778,0,0,0
1426,1427,stimulus_1427,7.3333,4.6667,3,0,1
1428,1429,stimulus_1429,8.1111,5.3333,3,1,1
1433,1434,stimulus_1434,2.2222,6.3333,0,2,0
1435,1436,stimulus_1436,7.0,6.5556,3,3,1
1438,1439,stimulus_1439,7.7778,7.3333,3,3,1
1440,1441,stimulus_1441,1.6667,6.2222,0,2,0
1441,1442,stimulus_1442,1.8889,6.6667,0,3,0
1442,1443,stimulus_1443,3.2222,6.0,0,2,0
1443,1444,stimulus_1444,7.6667,5.1111,3,0,1
1444,1445,stimulus_1445,6.7778,6.6667,3,3,1
1446,1447,stimulus_1447,6.7778,6.7778,3,3,1
1448,1449,stimulus_1449,6.7778,5.6667,3,1,1
1449,1450,stimulus_1450,3.4444,6.3333,0,2,0
1451,1452,stimulus_1452,7.5556,5.7778,3,1,1
1452,1453,stimulus_1453,7.4444,6.1111,3,2,1
1456,1457,stimulus_1457,3.2222,5.0,0,0,0
1459,1460,stimulus_1460,6.7778,6.2222,3,2,1
1462,1463,stimulus_1463,7.1111,6.4444,3,3,1
1463,1464,stimulus_1464,1.3333,5.6667,0,1,0
1465,1466,stimulus_1466,3.1111,4.7778,0,0,0
1470,1471,stimulus_1471,2.1111,4.8889,0,0,0
1472,1473,stimulus_1473,3.0,5.0,0,0,0
1474,1475,stimulus_1475,1.6667,4.6667,0,0,0
1477,1478,stimulus_1478,1.8889,6.3333,0,2,0
1480,1481,stimulus_1481,7.5556,5.5556,3,1,1
1482,1483,stimulus_1483,7.1111,5.1111,3,0,1
1484,1485,stimulus_1485,2.7778,5.4444,0,1,0
1486,1487,stimulus_1487,2.0,6.7778,0,3,0
1487,1488,stimulus_1488,6.7778,4.4444,3,0,1
1488,1489,stimulus_1489,7.7778,4.6667,3,0,1
1491,1492,stimulus_1492,3.4444,6.8889,0,3,0
1492,1493,stimulus_1493,6.7778,4.7778,3,0,1
1493,1494,stimulus_1494,7.2222,4.7778,3,0,1
1494,1495,stimulus_1495,7.3333,6.4444,3,3,1
1496,1497,stimulus_1497,7.0,6.3333,3,2,1
1497,1498,stimulus_1498,7.4444,5.2222,3,1,1
1499,1500,stimulus_1500,7.4444,6.0,3,2,1
1500,1501,stimulus_1501,8.1111,7.3333,3,3,1
1501,1502,stimulus_1502,7.2222,7.1111,3,3,1
1502,1503,stimulus_1503,8.0,6.8889,3,3,1
1504,1505,stimulus_1505,8.1111,5.7778,3,1,1
1506,1507,stimulus_1507,3.2222,4.7778,0,0,0
1507,1508,stimulus_1508,7.2222,4.7778,3,0,1
1508,1509,stimulus_1509,7.1111,6.3333,3,2,1
1509,1510,stimulus_1510,7.4444,6.1111,3,2,1
1510,1511,stimulus_1511,2.4444,6.8889,0,3,0
1511,1512,stimulus_1512,7.6667,5.3333,3,1,1
1513,1514,stimulus_1514,3.0,5.8889,0,2,0
1515,1516,stimulus_1516,7.0,6.5556,3,3,1
1517,1518,stimulus_1518,3.5556,6.2222,0,2,0
1518,1519,stimulus_1519,2.5556,4.7778,0,0,0
1519,1520,stimulus_1520,6.8889,6.1111,3,2,1
1523,1524,stimulus_1524,7.5556,5.7778,3,1,1
1531,1532,stimulus_1532,2.5556,3.3333,0,0,0
1538,1539,stimulus_1539,7.6667,7.6667,3,3,1
1539,1540,stimulus_1540,7.6667,5.5556,3,1,1
1540,1541,stimulus_1541,1.4444,4.5556,0,0,0
1546,1547,stimulus_1547,7.1111,5.2222,3,1,1
1547,1548,stimulus_1548,6.7778,5.5556,3,1,1
1549,1550,stimulus_1550,2.5556,6.0,0,2,0
1555,1556,stimulus_1556,1.1111,5.3333,0,1,0
1557,1558,stimulus_1558,7.4444,6.3333,3,2,1
1561,1562,stimulus_1562,1.0,6.4444,0,3,0
1563,1564,stimulus_1564,7.3333,6.5556,3,3,1
1564,1565,stimulus_1565,2.6667,4.1111,0,0,0
1567,1568,stimulus_1568,6.8889,6.4444,3,3,1
1568,1569,stimulus_1569,8.5556,6.6667,3,3,1
1569,1570,stimulus_1570,6.7778,7.4444,3,3,1
1570,1571,stimulus_1571,6.8889,6.8889,3,3,1
1571,1572,stimulus_1572,8.8889,6.2222,3,2,1
1575,1576,stimulus_1576,3.3333,7.1111,0,3,0
1581,1582,stimulus_1582,6.7778,7.0,3,3,1
1583,1584,stimulus_1584,7.7778,7.3333,3,3,1
1584,1585,stimulus_1585,3.2222,5.4444,0,1,0
1586,1587,stimulus_1587,2.2222,5.3333,0,1,0
1588,1589,stimulus_1589,3.2222,5.6667,0,1,0
1589,1590,stimulus_1590,2.3333,6.5556,0,3,0
1590,1591,stimulus_1591,2.1111,3.3333,0,0,0
1591,1592,stimulus_1592,7.3333,5.1111,3,0,1
1593,1594,stimulus_1594,7.2222,6.4444,3,3,1
1595,1596,stimulus_1596,2.4444,5.6667,0,1,0
1597,1598,stimulus_1598,1.7778,7.0,0,3,0
1600,1601,stimulus_1601,2.7778,6.2222,0,2,0
1602,1603,stimulus_1603,7.3333,5.6667,3,1,1
1604,1605,stimulus_1605,2.8889,5.4444,0,1,0
1607,1608,stimulus_1608,8.0,6.5556,3,3,1
1610,1611,stimulus_1611,3.5556,5.0,0,0,0
1612,1613,stimulus_1613,3.1111,5.5556,0,1,0
1615,1616,stimulus_1616,6.8889,6.1111,3,2,1
1619,1620,stimulus_1620,6.7778,4.6667,3,0,1
1626,1627,stimulus_1627,3.2222,5.2222,0,1,0
1627,1628,stimulus_1628,7.2222,5.6667,3,1,1
1628,1629,stimulus_1629,2.8889,6.3333,0,2,0
1629,1630,stimulus_1630,1.8889,5.0,0,0,0
1631,1632,stimulus_1632,1.7778,6.1111,0,2,0
1635,1636,stimulus_1636,7.2222,6.2222,3,2,1
1636,1637,stimulus_1637,6.7778,7.7778,3,3,1
1637,1638,stimulus_1638,7.3333,6.3333,3,2,1
1638,1639,stimulus_1639,7.2222,6.3333,3,2,1
1639,1640,stimulus_1640,7.3333,6.6667,3,3,1
1642,1643,stimulus_1643,7.0,7.3333,3,3,1
1649,1650,stimulus_1650,2.2222,7.3333,0,3,0
1650,1651,stimulus_1651,6.8889,4.3333,3,0,1
1653,1654,stimulus_1654,2.3333,6.3333,0,2,0
1654,1655,stimulus_1655,1.0,5.8889,0,2,0
1655,1656,stimulus_1656,7.6667,5.7778,3,1,1
1656,1657,stimulus_1657,1.8889,5.4444,0,1,0
1657,1658,stimulus_1658,7.4444,5.4444,3,1,1
1659,1660,stimulus_1660,7.3333,5.7778,3,1,1
1660,1661,stimulus_1661,6.7778,6.0,3,2,1
1665,1666,stimulus_1666,6.8889,6.1111,3,2,1
1666,1667,stimulus_1667,7.8889,5.7778,3,1,1
1670,1671,stimulus_1671,6.8889,6.7778,3,3,1
1674,1675,stimulus_1675,2.7778,3.8889,0,0,0
1676,1677,stimulus_1677,8.1111,6.5556,3,3,1
1677,1678,stimulus_1678,7.7778,6.4444,3,3,1
1679,1680,stimulus_1680,8.5556,6.3333,3,2,1
1684,1685,stimulus_1685,1.2222,5.4444,0,1,0
1689,1690,stimulus_1690,3.5556,5.6667,0,1,0
1690,1691,stimulus_1691,2.3333,4.7778,0,0,0
1692,1693,stimulus_1693,6.8889,6.6667,3,3,1
1696,1697,stimulus_1697,7.0,6.6667,3,3,1
1698,1699,stimulus_1699,7.2222,6.1111,3,2,1
1700,1701,stimulus_1701,2.2222,5.8889,0,2,0
1702,1703,stimulus_1703,1.5556,5.7778,0,1,0
1704,1705,stimulus_1705,1.8889,5.1111,0,0,0
1705,1706,stimulus_1706,2.1111,5.4444,0,1,0
1707,1708,stimulus_1708,8.7778,5.8889,3,2,1
1710,1711,stimulus_1711,8.0,6.1111,3,2,1
1711,1712,stimulus_1712,8.1111,6.4444,3,3,1
1713,1714,stimulus_1714,7.1111,7.1111,3,3,1
1714,1715,stimulus_1715,9.0,6.1111,3,2,1
1715,1716,stimulus_1716,8.5556,5.1111,3,0,1
1716,1717,stimulus_1717,7.6667,7.5556,3,3,1
1717,1718,stimulus_1718,7.0,7.6667,3,3,1
1720,1721,stimulus_1721,7.4444,6.6667,3,3,1
1722,1723,stimulus_1723,7.3333,6.1111,3,2,1
1724,1725,stimulus_1725,3.5556,5.7778,0,1,0
1725,1726,stimulus_1726,2.3333,6.4444,0,3,0
1731,1732,stimulus_1732,3.4444,6.6667,0,3,0
1734,1735,stimulus_1735,7.0,6.1111,3,2,1
1738,1739,stimulus_1739,2.7778,5.8889,0,2,0
1739,1740,stimulus_1740,7.3333,6.0,3,2,1
1743,1744,stimulus_1744,3.2222,6.1111,0,2,0
1744,1745,stimulus_1745,8.3333,6.3333,3,2,1
1745,1746,stimulus_1746,7.5556,6.0,3,2,1
1748,1749,stimulus_1749,8.6667,5.6667,3,1,1
1751,1752,stimulus_1752,3.5556,5.8889,0,2,0
1752,1753,stimulus_1753,6.8889,7.3333,3,3,1
1753,1754,stimulus_1754,7.7778,7.3333,3,3,1
1754,1755,stimulus_1755,2.3333,5.8889,0,2,0
1755,1756,stimulus_1756,7.6667,6.4444,3,3,1
1757,1758,stimulus_1758,7.1111,7.1111,3,3,1
1760,1761,stimulus_1761,7.5556,6.3333,3,2,1
1764,1765,stimulus_1765,2.7778,5.2222,0,1,0
1767,1768,stimulus_1768,3.2222,5.0,0,0,0
1768,1769,stimulus_1769,6.7778,6.7778,3,3,1
1770,1771,stimulus_1771,3.1111,4.6667,0,0,0
1772,1773,stimulus_1773,7.2222,5.1111,3,0,1
1776,1777,stimulus_1777,6.8889,7.1111,3,3,1
1777,1778,stimulus_1778,7.3333,6.5556,3,3,1
1780,1781,stimulus_1781,7.0,6.2222,3,2,1
1782,1783,stimulus_1783,7.3333,6.7778,3,3,1
1785,1786,stimulus_1786,2.1111,5.3333,0,1,0
1788,1789,stimulus_1789,7.5556,6.4444,3,3,1
1789,1790,stimulus_1790,2.5556,3.4444,0,0,0
1791,1792,stimulus_1792,2.0,4.5556,0,0,0
1792,1793,stimulus_1793,3.0,4.6667,0,0,0
1794,1795,stimulus_1795,2.8889,6.5556,0,3,0
1802,1803,stimulus_1803,7.8889,6.0,3,2,1
1803,1804,stimulus_1804,7.4444,5.1111,3,0,1
1804,1805,stimulus_1805,6.8889,6.4444,3,3,1
1805,1806,stimulus_1806,7.5556,5.1111,3,0,1
1806,1807,stimulus_1807,7.5556,7.3333,3,3,1
1807,1808,stimulus_1808,7.1111,4.8889,3,0,1
1809,1810,stimulus_1810,7.8889,5.1111,3,0,1
1812,1813,stimulus_1813,1.2222,5.4444,0,1,0
1813,1814,stimulus_1814,7.6667,5.3333,3,1,1
1814,1815,stimulus_1815,6.8889,4.7778,3,0,1
1815,1816,stimulus_1816,3.4444,5.6667,0,1,0
1818,1819,stimulus_1819,1.8889,6.5556,0,3,0
1819,1820,stimulus_1820,7.4444,4.8889,3,0,1
1821,1822,stimulus_1822,2.7778,4.2222,0,0,0
1824,1825,stimulus_1825,7.6667,3.6667,3,0,1
1825,1826,stimulus_1826,7.8889,7.6667,3,3,1
1827,1828,stimulus_1828,2.0,5.5556,0,1,0
1829,1830,stimulus_1830,2.0,6.4444,0,3,0
1831,1832,stimulus_1832,2.6667,6.5556,0,3,0
1832,1833,stimulus_1833,7.1111,7.3333,3,3,1
1833,1834,stimulus_1834,7.1111,6.7778,3,3,1
1835,1836,stimulus_1836,7.7778,6.6667,3,3,1
1836,1837,stimulus_1837,3.3333,6.2222,0,2,0
1838,1839,stimulus_1839,7.3333,7.2222,3,3,1
1841,1842,stimulus_1842,6.7778,6.2222,3,2,1
1842,1843,stimulus_1843,2.5556,6.2222,0,2,0
1843,1844,stimulus_1844,2.6667,5.2222,0,1,0
1844,1845,stimulus_1845,3.5556,5.4444,0,1,0
1849,1850,stimulus_1850,7.0,4.3333,3,0,1
1850,1851,stimulus_1851,7.3333,5.3333,3,1,1
1851,1852,stimulus_1852,8.3333,6.5556,3,3,1
1852,1853,stimulus_1853,2.8889,5.3333,0,1,0
1853,1854,stimulus_1854,7.4444,5.6667,3,1,1
1854,1855,stimulus_1855,8.6667,5.5556,3,1,1
1857,1858,stimulus_1858,3.4444,7.0,0,3,0
1865,1866,stimulus_1866,2.6667,5.6667,0,1,0
1867,1868,stimulus_1868,1.5556,6.4444,0,3,0
1868,1869,stimulus_1869,6.7778,6.0,3,2,1
1869,1870,stimulus_1870,1.7778,6.7778,0,3,0
1870,1871,stimulus_1871,3.0,5.3333,0,1,0
1881,1882,stimulus_1882,6.7778,5.8889,3,2,1
1884,1885,stimulus_1885,1.8889,5.0,0,0,0
1886,1887,stimulus_1887,3.2222,6.8889,0,3,0
1888,1889,stimulus_1889,7.3333,7.1111,3,3,1
1890,1891,stimulus_1891,6.8889,7.0,3,3,1
1892,1893,stimulus_1893,7.3333,6.5556,3,3,1
1899,1900,stimulus_1900,7.5556,5.5556,3,1,1
1900,1901,stimulus_1901,2.3333,6.1111,0,2,0
1902,1903,stimulus_1903,2.0,4.0,0,0,0
1903,1904,stimulus_1904,7.0,5.4444,3,1,1
1905,1906,stimulus_1906,2.4444,6.1111,0,2,0
1906,1907,stimulus_1907,2.3333,5.5556,0,1,0
1908,1909,stimulus_1909,7.1111,7.5556,3,3,1
1910,1911,stimulus_1911,7.1111,6.1111,3,2,1
1915,1916,stimulus_1916,3.2222,6.2222,0,2,0
1917,1918,stimulus_1918,7.0,7.0,3,3,1
1921,1922,stimulus_1922,1.2222,5.1111,0,0,0
1922,1923,stimulus_1923,2.6667,4.4444,0,0,0
1923,1924,stimulus_1924,7.4444,5.2222,3,1,1
1925,1926,stimulus_1926,3.0,5.6667,0,1,0
1927,1928,stimulus_1928,3.1111,4.1111,0,0,0
1930,1931,stimulus_1931,3.4444,4.2222,0,0,0
1932,1933,stimulus_1933,1.2222,4.4444,0,0,0
1933,1934,stimulus_1934,1.6667,5.7778,0,1,0
1934,1935,stimulus_1935,8.5556,5.4444,3,1,1
1935,1936,stimulus_1936,7.8889,5.7778,3,1,1
1936,1937,stimulus_1937,7.4444,7.2222,3,3,1
1937,1938,stimulus_1938,7.8889,5.7778,3,1,1
1939,1940,stimulus_1940,2.2222,5.2222,0,1,0
1941,1942,stimulus_1942,8.1111,6.4444,3,3,1
1950,1951,stimulus_1951,2.8889,4.8889,0,0,0
1954,1955,stimulus_1955,2.2222,5.7778,0,1,0
1955,1956,stimulus_1956,1.8889,3.7778,0,0,0
1956,1957,stimulus_1957,7.5556,7.1111,3,3,1
1958,1959,stimulus_1959,2.4444,5.6667,0,1,0
1959,1960,stimulus_1960,1.8889,6.6667,0,3,0
1960,1961,stimulus_1961,7.5556,6.6667,3,3,1
1964,1965,stimulus_1965,7.8889,6.5556,3,3,1
1965,1966,stimulus_1966,8.4444,5.6667,3,1,1
1967,1968,stimulus_1968,7.0,5.4444,3,1,1
1969,1970,stimulus_1970,6.8889,5.7778,3,1,1
1972,1973,stimulus_1973,3.3333,4.7778,0,0,0
1973,1974,stimulus_1974,6.8889,7.5556,3,3,1
1974,1975,stimulus_1975,7.3333,7.0,3,3,1
1975,1976,stimulus_1976,6.7778,6.4444,3,3,1
1976,1977,stimulus_1977,3.3333,5.0,0,0,0
1977,1978,stimulus_1978,7.2222,5.3333,3,1,1
1978,1979,stimulus_1979,3.0,6.1111,0,2,0
1979,1980,stimulus_1980,7.3333,7.0,3,3,1
1980,1981,stimulus_1981,7.8889,6.4444,3,3,1
1984,1985,stimulus_1985,2.5556,6.2222,0,2,0
1985,1986,stimulus_1986,6.8889,4.4444,3,0,1
1986,1987,stimulus_1987,2.8889,5.6667,0,1,0
1987,1988,stimulus_1988,6.8889,3.8889,3,0,1
1988,1989,stimulus_1989,7.4444,5.7778,3,1,1
1989,1990,stimulus_1990,2.3333,5.7778,0,1,0
1990,1991,stimulus_1991,1.6667,5.6667,0,1,0
1991,1992,stimulus_1992,7.4444,6.5556,3,3,1
1992,1993,stimulus_1993,7.6667,6.7778,3,3,1
1998,1999,stimulus_1999,2.8889,6.0,0,2,0
1999,2000,stimulus_2000,7.1111,5.4444,3,1,1
2000,2001,stimulus_2001,8.0,5.6667,3,1,1
2001,2002,stimulus_2002,6.7778,4.7778,3,0,1
2003,2004,stimulus_2004,1.4444,3.4444,0,0,0
2005,2006,stimulus_2006,3.5556,6.6667,0,3,0
2007,2008,stimulus_2008,2.6667,5.8889,0,2,0
2008,2009,stimulus_2009,3.1111,5.1111,0,0,0
2009,2010,stimulus_2010,2.6667,5.7778,0,1,0
2010,2011,stimulus_2011,2.7778,5.3333,0,1,0
2011,2012,stimulus_2012,2.2222,6.4444,0,3,0
2012,2013,stimulus_2013,7.1111,5.8889,3,2,1
2015,2016,stimulus_2016,3.4444,4.0,0,0,0
2017,2018,stimulus_2018,2.4444,3.8889,0,0,0
2018,2019,stimulus_2019,2.6667,4.5556,0,0,0
2019,2020,stimulus_2020,2.0,3.5556,0,0,0
2021,2022,stimulus_2022,3.3333,5.4444,0,1,0
2023,2024,stimulus_2024,2.8889,3.5556,0,0,0
2029,2030,stimulus_2030,7.1111,7.1111,3,3,1
2033,2034,stimulus_2034,7.5556,7.3333,3,3,1
2039,2040,stimulus_2040,7.3333,6.7778,3,3,1
2042,2043,stimulus_2043,6.7778,6.2222,3,2,1
2043,2044,stimulus_2044,7.2222,5.2222,3,1,1
2046,2047,stimulus_2047,1.8889,6.6667,0,3,0
2047,2048,stimulus_2048,2.8889,5.0,0,0,0
2048,2049,stimulus_2049,2.5556,6.2222,0,2,0
2053,2054,stimulus_2054,3.5556,6.0,0,2,0
2054,2055,stimulus_2055,3.5556,4.7778,0,0,0
2056,2057,stimulus_2057,6.7778,6.3333,3,2,1
2057,2058,stimulus_2058,2.0,5.7778,0,1,0
2058,2059,stimulus_2059,7.0,5.5556,3,1,1
2060,2061,stimulus_2061,7.2222,5.2222,3,1,1
2061,2062,stimulus_2062,2.2222,4.6667,0,0,0
2062,2063,stimulus_2063,6.7778,6.6667,3,3,1
2065,2066,stimulus_2066,3.4444,5.7778,0,1,0
2066,2067,stimulus_2067,3.1111,6.2222,0,2,0
2067,2068,stimulus_2068,3.5556,6.6667,0,3,0
2068,2069,stimulus_2069,2.0,6.7778,0,3,0
2069,2070,stimulus_2070,6.7778,5.6667,3,1,1
2070,2071,stimulus_2071,7.5556,5.7778,3,1,1
2071,2072,stimulus_2072,6.8889,5.6667,3,1,1
2076,2077,stimulus_2077,8.6667,6.5556,3,3,1
2077,2078,stimulus_2078,6.7778,6.7778,3,3,1
2079,2080,stimulus_2080,2.4444,6.1111,0,2,0
2080,2081,stimulus_2081,2.8889,5.5556,0,1,0
2081,2082,stimulus_2082,7.7778,5.3333,3,1,1
2084,2085,stimulus_2085,7.4444,7.5556,3,3,1
2085,2086,stimulus_2086,3.3333,5.5556,0,1,0
2088,2089,stimulus_2089,6.7778,6.8889,3,3,1
2090,2091,stimulus_2091,2.6667,7.1111,0,3,0
2091,2092,stimulus_2092,7.1111,6.7778,3,3,1
2094,2095,stimulus_2095,7.1111,5.6667,3,1,1
2095,2096,stimulus_2096,7.5556,4.5556,3,0,1
2099,2100,stimulus_2100,6.7778,6.2222,3,2,1
2101,2102,stimulus_2102,7.3333,6.5556,3,3,1
2105,2106,stimulus_2106,2.2222,5.1111,0,0,0
2108,2109,stimulus_2109,2.2222,5.5556,0,1,0
2109,2110,stimulus_2110,7.5556,7.3333,3,3,1
2110,2111,stimulus_2111,2.1111,5.1111,0,0,0
2112,2113,stimulus_2113,7.4444,6.5556,3,3,1
2113,2114,stimulus_2114,7.1111,5.5556,3,1,1
2114,2115,stimulus_2115,2.5556,6.2222,0,2,0
2115,2116,stimulus_2116,2.0,5.1111,0,0,0
2116,2117,stimulus_2117,7.4444,5.2222,3,1,1
2117,2118,stimulus_2118,7.6667,5.4444,3,1,1
2119,2120,stimulus_2120,3.0,7.1111,0,3,0
2120,2121,stimulus_2121,2.7778,6.6667,0,3,0
2121,2122,stimulus_2122,1.7778,6.1111,0,2,0
2122,2123,stimulus_2123,1.8889,5.2222,0,1,0
2123,2124,stimulus_2124,2.2222,6.4444,0,3,0
2129,2130,stimulus_2130,3.3333,5.2222,0,1,0
2130,2131,stimulus_2131,7.3333,3.7778,3,0,1
2134,2135,stimulus_2135,3.0,5.4444,0,1,0
2136,2137,stimulus_2137,8.4444,7.2222,3,3,1
2137,2138,stimulus_2138,8.1111,7.2222,3,3,1
2138,2139,stimulus_2139,1.3333,5.7778,0,1,0
2139,2140,stimulus_2140,7.7778,6.7778,3,3,1
2140,2141,stimulus_2141,3.0,4.6667,0,0,0
2141,2142,stimulus_2142,3.2222,5.1111,0,0,0
2142,2143,stimulus_2143,6.7778,6.7778,3,3,1
2143,2144,stimulus_2144,2.2222,5.3333,0,1,0
2145,2146,stimulus_2146,8.2222,6.2222,3,2,1
2146,2147,stimulus_2147,1.4444,5.2222,0,1,0
2148,2149,stimulus_2149,7.4444,6.2222,3,2,1
2149,2150,stimulus_2150,7.6667,5.6667,3,1,1
2151,2152,stimulus_2152,1.6667,5.2222,0,1,0
2152,2153,stimulus_2153,1.7778,6.2222,0,2,0
2153,2154,stimulus_2154,6.8889,5.8889,3,2,1
2156,2157,stimulus_2157,2.5556,5.5556,0,1,0
2157,2158,stimulus_2158,8.2222,6.6667,3,3,1
2158,2159,stimulus_2159,2.4444,5.1111,0,0,0
2160,2161,stimulus_2161,3.0,7.1111,0,3,0
2161,2162,stimulus_2162,3.0,6.2222,0,2,0
2162,2163,stimulus_2163,7.4444,4.0,3,0,1
2167,2168,stimulus_2168,2.6667,5.8889,0,2,0
2168,2169,stimulus_2169,1.7778,3.8889,0,0,0
2172,2173,stimulus_2173,7.1111,5.6667,3,1,1
2173,2174,stimulus_2174,2.4444,4.7778,0,0,0
2176,2177,stimulus_2177,2.0,4.8889,0,0,0
2178,2179,stimulus_2179,7.1111,6.7778,3,3,1
2180,2181,stimulus_2181,7.2222,6.3333,3,2,1
2181,2182,stimulus_2182,7.4444,6.4444,3,3,1
2182,2183,stimulus_2183,2.1111,5.2222,0,1,0
