subject,map,network,mean_value
1,shared,Vis,0.03515002922257357
1,shared,SomMot,0.05786296566214724
1,shared,DorsAttn,0.08096946194167176
1,shared,SalVentAttn,0.03999921385048996
1,shared,Limbic,0.04581742928579928
1,shared,Cont,0.05117822101199646
1,shared,Default,0.0523832919404637
2,shared,Vis,0.04032291118248413
2,shared,SomMot,0.07068116750218258
2,shared,DorsAttn,0.10202519969254442
2,shared,SalVentAttn,0.04037733351796384
2,shared,Limbic,0.03666746098780472
2,shared,Cont,0.04935870563046234
2,shared,Default,0.05336372038563914
3,shared,Vis,0.05419690898799663
3,shared,SomMot,0.0585965815486803
3,shared,DorsAttn,0.10740747560726203
3,shared,SalVentAttn,0.03368328691900506
3,shared,Limbic,0.028796075277612524
3,shared,Cont,0.035607189834114254
3,shared,Default,0.04229082775633997
4,shared,Vis,0.039697811553673974
4,shared,SomMot,0.05101726877583135
4,shared,DorsAttn,0.08159149330648542
4,shared,SalVentAttn,0.02689928005585842
4,shared,Limbic,0.026317404553739657
4,shared,Cont,0.02477205443932636
4,shared,Default,0.0307621193030964
5,shared,Vis,0.028703900922214406
5,shared,SomMot,0.046278618585039656
5,shared,DorsAttn,0.07927387805467932
5,shared,SalVentAttn,0.022363755751603733
5,shared,Limbic,0.027568780685507183
5,shared,Cont,0.024601173419730463
5,shared,Default,0.0406821094608314
1,unique_e34_shared,Vis,0.016663257459866555
1,unique_e34_shared,SomMot,0.015466529320344514
1,unique_e34_shared,DorsAttn,0.009667627092093487
1,unique_e34_shared,SalVentAttn,0.014956539395776526
1,unique_e34_shared,Limbic,0.00937796824978329
1,unique_e34_shared,Cont,0.016948388110358783
1,unique_e34_shared,Default,0.01120550086058077
2,unique_e34_shared,Vis,0.017702155443473755
2,unique_e34_shared,SomMot,0.021909849855180057
2,unique_e34_shared,DorsAttn,0.010537933659399533
2,unique_e34_shared,SalVentAttn,0.015740350966481825
2,unique_e34_shared,Limbic,0.012534110503505166
2,unique_e34_shared,Cont,0.03179537585156726
2,unique_e34_shared,Default,0.029452862582735075
3,unique_e34_shared,Vis,0.006942790565334207
3,unique_e34_shared,SomMot,0.007515921971550521
3,unique_e34_shared,DorsAttn,0.009643825848213697
3,unique_e34_shared,SalVentAttn,0.009644963902558455
3,unique_e34_shared,Limbic,0.007608643204671319
3,unique_e34_shared,Cont,0.02146543342292196
3,unique_e34_shared,Default,0.014688461684861102
4,unique_e34_shared,Vis,0.003082674958983535
4,unique_e34_shared,SomMot,0.007838786781445771
4,unique_e34_shared,DorsAttn,0.010240932441763297
4,unique_e34_shared,SalVentAttn,0.004626170566074441
4,unique_e34_shared,Limbic,0.00974614561805879
4,unique_e34_shared,Cont,0.011020072761993082
4,unique_e34_shared,Default,0.013309214629318543
5,unique_e34_shared,Vis,0.0022767015624736027
5,unique_e34_shared,SomMot,0.00873044991265606
5,unique_e34_shared,DorsAttn,0.013668196791854844
5,unique_e34_shared,SalVentAttn,0.007589349728759429
5,unique_e34_shared,Limbic,0.008261079178268559
5,unique_e34_shared,Cont,0.010113734895823172
5,unique_e34_shared,Default,0.008029691176752729
1,fine_grained_advantage,Vis,0.008050799334333095
1,fine_grained_advantage,SomMot,0.005963995710510418
1,fine_grained_advantage,DorsAttn,0.002649713481888928
1,fine_grained_advantage,SalVentAttn,0.00837682117951841
1,fine_grained_advantage,Limbic,0.0039390906957774184
1,fine_grained_advantage,Cont,0.007435745027937522
1,fine_grained_advantage,Default,0.0047312232560174595
2,fine_grained_advantage,Vis,0.010165350638454591
2,fine_grained_advantage,SomMot,0.007045950775770134
2,fine_grained_advantage,DorsAttn,0.004481280937071817
2,fine_grained_advantage,SalVentAttn,0.008752977934533787
2,fine_grained_advantage,Limbic,0.004325584233097206
2,fine_grained_advantage,Cont,0.020745979897553963
2,fine_grained_advantage,Default,0.02085160843881003
3,fine_grained_advantage,Vis,0.003963333334590144
3,fine_grained_advantage,SomMot,0.00247509769814589
3,fine_grained_advantage,DorsAttn,0.007126053235888511
3,fine_grained_advantage,SalVentAttn,0.004858052703467917
3,fine_grained_advantage,Limbic,0.006883274665669284
3,fine_grained_advantage,Cont,0.015914238508984026
3,fine_grained_advantage,Default,0.011433388977628373
4,fine_grained_advantage,Vis,0.002061001661270449
4,fine_grained_advantage,SomMot,0.0026063722951198986
4,fine_grained_advantage,DorsAttn,0.008018551673424522
4,fine_grained_advantage,SalVentAttn,0.0014146248760892486
4,fine_grained_advantage,Limbic,0.006429124085543017
4,fine_grained_advantage,Cont,0.004992839354618974
4,fine_grained_advantage,Default,0.006245936094203191
5,fine_grained_advantage,Vis,0.0004244256917562458
5,fine_grained_advantage,SomMot,0.0013067263889450678
5,fine_grained_advantage,DorsAttn,0.010705702747355156
5,fine_grained_advantage,SalVentAttn,0.0049968369217489724
5,fine_grained_advantage,Limbic,0.006645909323124844
5,fine_grained_advantage,Cont,0.006231048296148501
5,fine_grained_advantage,Default,0.004977030034551708
1,unique_e34_video,Vis,0.010906455200479984
1,unique_e34_video,SomMot,0.01588481019366111
1,unique_e34_video,DorsAttn,0.01456491386274857
1,unique_e34_video,SalVentAttn,0.013475545122862401
1,unique_e34_video,Limbic,0.009723738341467213
1,unique_e34_video,Cont,0.01444303468024874
1,unique_e34_video,Default,0.011573073012509271
2,unique_e34_video,Vis,0.01009000560573987
2,unique_e34_video,SomMot,0.01936831725274357
2,unique_e34_video,DorsAttn,0.01022727730517709
2,unique_e34_video,SalVentAttn,0.00805517968996883
2,unique_e34_video,Limbic,0.007328392122924119
2,unique_e34_video,Cont,0.01886788215205976
2,unique_e34_video,Default,0.01983762365455901
3,unique_e34_video,Vis,0.003576157754509179
3,unique_e34_video,SomMot,0.0056453225074437
3,unique_e34_video,DorsAttn,0.013487937379776554
3,unique_e34_video,SalVentAttn,0.008480090570102664
3,unique_e34_video,Limbic,0.00462786829384632
3,unique_e34_video,Cont,0.016336715500376027
3,unique_e34_video,Default,0.011348888037789056
4,unique_e34_video,Vis,-0.0003729698110048569
4,unique_e34_video,SomMot,0.006565667725401326
4,unique_e34_video,DorsAttn,0.011678581360840429
4,unique_e34_video,SalVentAttn,0.001468067101812233
4,unique_e34_video,Limbic,0.0060988373654376265
4,unique_e34_video,Cont,0.005395501595705999
4,unique_e34_video,Default,0.007978192995553355
5,unique_e34_video,Vis,-0.0006483417176914457
5,unique_e34_video,SomMot,0.0064767718539403855
5,unique_e34_video,DorsAttn,0.013762908763233878
5,unique_e34_video,SalVentAttn,0.004609651337145229
5,unique_e34_video,Limbic,0.00532500496523008
5,unique_e34_video,Cont,0.006708549319041208
5,unique_e34_video,Default,0.005994876773056099
