subject,fold,component,heldout_correlation,train_singular_value,fold_empirical_p
1,1,1,0.6756715344068511,0.7641624050304016,
1,1,2,0.5832169039808034,0.7210304604808853,
1,1,3,0.5705701445212681,0.6859422106545618,
1,1,4,0.43853006826622204,0.6150432037510735,
1,1,5,0.30878348666563366,0.5872979248331933,
1,1,6,0.36439298412201643,0.5517253381084967,
1,1,7,0.2733376073219383,0.542732047505235,
1,1,8,0.2901146781876407,0.5043676002742131,
1,1,9,0.26718296896283794,0.49681366215147843,
1,1,10,0.13113123843431762,0.47342921909051966,
1,1,11,0.14484130300990405,0.46771513787981,
1,1,12,0.09800482897153813,0.4611701644100979,
1,1,13,0.16034636046885217,0.44192656964652444,
1,1,14,0.08102057412650848,0.431979322935029,
1,1,15,0.1504996741655069,0.4309268367014817,
1,1,16,0.08096463203002592,0.42777884636086544,
1,1,17,-0.05415184493795847,0.42171705612099286,
1,1,18,0.012736773226351816,0.4082996312572239,
1,1,19,0.019143589061211195,0.396819084436465,
1,1,20,-0.017078389567402995,0.38960938123911165,
1,2,1,0.6924779015478401,0.7605075283566479,
1,2,2,0.634650555681279,0.7105910265132925,
1,2,3,0.5435536218144419,0.6865381458008964,
1,2,4,0.4506848981028467,0.6139768642488517,
1,2,5,0.32808216165606763,0.5699241167637481,
1,2,6,0.3296619452571276,0.555335161013551,
1,2,7,0.2782557023943564,0.5227261526622105,
1,2,8,0.2953090457438873,0.515272418595325,
1,2,9,0.19659335800554154,0.4896645058132777,
1,2,10,0.15576216167957543,0.47960510367103304,
1,2,11,0.1874051755723291,0.44914154517905047,
1,2,12,0.1815268463232576,0.44323615865402677,
1,2,13,0.14822347404290162,0.4385372521617174,
1,2,14,0.07786072474877735,0.43372070878325425,
1,2,15,0.14980680394289464,0.4281437820980582,
1,2,16,0.10014076588135137,0.41754420558358346,
1,2,17,0.18484041440874768,0.4054884933830417,
1,2,18,0.062343216679248796,0.3957317282017095,
1,2,19,0.1292341446781363,0.3929118263865416,
1,2,20,0.09316924600411916,0.385206931108089,
1,3,1,0.6432660294324413,0.7690056008877656,
1,3,2,0.6302280626512559,0.708480339618946,
1,3,3,0.5498495887965198,0.6852331416050939,
1,3,4,0.46155648335643956,0.606665235706739,
1,3,5,0.3555557436880015,0.5814383964630632,
1,3,6,0.33507860994605154,0.5549290518136446,
1,3,7,0.31972445324222537,0.5362730413495932,
1,3,8,0.2594819735042845,0.5155352314888046,
1,3,9,0.2446386186761822,0.49428527375545106,
1,3,10,0.11830493337054818,0.47525113762348614,
1,3,11,0.1670677473937854,0.4621815808297198,
1,3,12,0.1813359455258786,0.45588422905055287,
1,3,13,0.12414080298652212,0.4453295734833722,
1,3,14,0.05637051366424442,0.4342309352812909,
1,3,15,0.08406424240318905,0.42865942103491683,
1,3,16,0.15293189245972538,0.41760808294026713,
1,3,17,0.060322038739480346,0.41297392946687245,
1,3,18,0.09381135456681196,0.4070944441153997,
1,3,19,0.059841501526651394,0.4033892291423964,
1,3,20,0.04554442155482051,0.39297484122975346,
1,4,1,0.6705415918308608,0.7626037769982559,
1,4,2,0.5986990172366287,0.7188426474711685,
1,4,3,0.5412349618283667,0.6908201140350229,
1,4,4,0.4780746662439229,0.6072717798098946,
1,4,5,0.3670623958940861,0.5658686901709682,
1,4,6,0.39784363966509523,0.5566385283510725,
1,4,7,0.30606629686639625,0.5357033840056409,
1,4,8,0.20490371052921016,0.5139434972427318,
1,4,9,0.10602708617421477,0.5010062247237305,
1,4,10,0.12439912485659176,0.48787578421535027,
1,4,11,0.13965524208208654,0.48032155971380386,
1,4,12,0.13065150944870865,0.4595806759027401,
1,4,13,0.12720922499123685,0.4410514990950089,
1,4,14,0.07858172070686009,0.43403879702516185,
1,4,15,0.08792335787630726,0.4187773371731299,
1,4,16,0.07423935013644326,0.41579243409559813,
1,4,17,0.14008955424309963,0.41030554724787116,
1,4,18,0.1568813411994808,0.4017783124003351,
1,4,19,0.048549896937710404,0.4000817617850345,
1,4,20,0.01242814502126753,0.399397755501007,
1,5,1,0.6767021739752668,0.7636401777111357,
1,5,2,0.5876097137360914,0.7178381318190356,
1,5,3,0.5757884933444603,0.6839474732738482,
1,5,4,0.4429006861896964,0.6200688211888098,
1,5,5,0.3043127567132286,0.5670755998193832,
1,5,6,0.42173951655328373,0.5615021125912352,
1,5,7,0.29429482649367367,0.5325628564865582,
1,5,8,0.2649226796060516,0.5181633829535194,
1,5,9,0.17857261227066956,0.4881109543149336,
1,5,10,0.21265337236298446,0.4694675804254022,
1,5,11,0.030389109994873847,0.459508928249747,
1,5,12,0.1263328771840657,0.44057549137722757,
1,5,13,0.1147494478313175,0.4376394569731341,
1,5,14,0.13835074183071092,0.43531397017906104,
1,5,15,0.13137036046629466,0.42145203233646183,
1,5,16,0.12998386921159774,0.4160252525062243,
1,5,17,0.10360550303253012,0.41209158737921936,
1,5,18,0.0006705981910427724,0.4038200396626707,
1,5,19,0.13270727328668377,0.3943647810554131,
1,5,20,0.0465208554340907,0.38347475485039656,
2,1,1,0.6560093069602332,0.7752856983853341,
2,1,2,0.6085579685461995,0.7385096146547656,
2,1,3,0.5740247113234984,0.6834196745377277,
2,1,4,0.40526845501891434,0.604998946693049,
2,1,5,0.3189100733126792,0.5852795003271676,
2,1,6,0.4064179541704198,0.5713240000781266,
2,1,7,0.20331538786006595,0.5483236006977714,
2,1,8,0.2381625649083203,0.49778555830181226,
2,1,9,0.2250575550487886,0.4942181089530951,
2,1,10,0.11423526143257541,0.4800556977074149,
2,1,11,0.2068621282197977,0.47672203279377,
2,1,12,0.07158708384286136,0.457876106376113,
2,1,13,0.18657436678762832,0.452512872745279,
2,1,14,0.05915387410513607,0.4454124494743616,
2,1,15,0.08441040738900958,0.43057090804106996,
2,1,16,0.05909142039429952,0.42469948250289025,
2,1,17,0.08755753417999125,0.4184564339603663,
2,1,18,0.07525070548580359,0.40463504428462316,
2,1,19,0.15971397203674528,0.4012672909440982,
2,1,20,0.05722109038419171,0.39304856605449123,
2,2,1,0.6983087580340636,0.762090848125812,
2,2,2,0.6574766091386284,0.7299535420288045,
2,2,3,0.48396619219551223,0.6884407487366484,
2,2,4,0.42519519948797957,0.596524731181339,
2,2,5,0.40009941173375707,0.5762900168762076,
2,2,6,0.3747950727468345,0.5704579901619222,
2,2,7,0.3317687994789317,0.5251711667226775,
2,2,8,0.24569564176277517,0.49215873619088557,
2,2,9,0.18151801169427265,0.4909480688594243,
2,2,10,0.10506724454076283,0.47860477435573007,
2,2,11,0.2501056350373904,0.4704493875121601,
2,2,12,0.14253916170328026,0.45006611484355896,
2,2,13,0.15659445989201845,0.4437776154099663,
2,2,14,0.10501032213097351,0.43284743290507155,
2,2,15,0.024304776254978393,0.4311689344142889,
2,2,16,0.1304750143692072,0.4192867093552967,
2,2,17,0.07464447842380335,0.41107632334152266,
2,2,18,0.0391951264094346,0.40815114116878454,
2,2,19,0.08014420662624167,0.3941753515881061,
2,2,20,0.023264910022285874,0.3868866081675477,
2,3,1,0.6643227858703895,0.7695228305387847,
2,3,2,0.6638614542631927,0.7342219514144344,
2,3,3,0.5896169370205873,0.6804485408178136,
2,3,4,0.3978589853925455,0.5968048068672931,
2,3,5,0.41714683063040225,0.5835288835404427,
2,3,6,0.31808685099618295,0.5643175562617384,
2,3,7,0.3340650227664021,0.5484972193880605,
2,3,8,0.19638941889290787,0.4969210192835609,
2,3,9,0.26675438140050456,0.486450067213852,
2,3,10,0.13981086417586996,0.4854133675727461,
2,3,11,0.24395454646605122,0.47222359922925095,
2,3,12,0.10069523616287399,0.450710661913483,
2,3,13,0.19626292524739833,0.441539185215261,
2,3,14,0.16983799079650608,0.43826466485064725,
2,3,15,0.07965590373209872,0.4188207322613108,
2,3,16,0.10010039096937362,0.41007475936249604,
2,3,17,0.07769283005022479,0.40613288594509905,
2,3,18,0.11181238401194815,0.3978587578454861,
2,3,19,0.09314675105099772,0.39394304608384784,
2,3,20,0.06949878757282843,0.38484607393800757,
2,4,1,0.6738806537235646,0.7655830022187783,
2,4,2,0.6526886676465625,0.7354806201226541,
2,4,3,0.5643536607591015,0.6851217849433349,
2,4,4,0.43035660796891123,0.6028882127322306,
2,4,5,0.3850746796912451,0.5896196743672804,
2,4,6,0.3619198700024055,0.5680251738297801,
2,4,7,0.32904530209124266,0.5332252354363665,
2,4,8,0.1553772342374827,0.5144287498077866,
2,4,9,0.1866643110500857,0.4985896182422937,
2,4,10,0.09909650870586785,0.4774197856986827,
2,4,11,0.27032257655602626,0.46819073859852867,
2,4,12,0.10327875227306672,0.45817811593843105,
2,4,13,0.20249872441509284,0.4462140275792719,
2,4,14,0.09199001805422977,0.4358898195563191,
2,4,15,0.1379650085236238,0.4203932997910139,
2,4,16,0.14875622696239263,0.4163424086752084,
2,4,17,-0.019918178936891424,0.4121889232181627,
2,4,18,0.0846493083793047,0.3959975405806083,
2,4,19,0.11007072780754391,0.39208750566867673,
2,4,20,0.10793928062570733,0.3873813019023854,
2,5,1,0.6692057446537943,0.7688075308377396,
2,5,2,0.6438263708280124,0.7364489497270601,
2,5,3,0.5516934567063612,0.6869465045670324,
2,5,4,0.39453813145886596,0.6087802039542608,
2,5,5,0.3569415041543974,0.5765804270733655,
2,5,6,0.43662891491370015,0.5558016525570427,
2,5,7,0.2751473950464054,0.5294333697416678,
2,5,8,0.2797439252622146,0.5140453855574579,
2,5,9,0.22091824342381186,0.4825887175158437,
2,5,10,0.14936791251075177,0.477101094176538,
2,5,11,0.23129273911148518,0.4610654027618995,
2,5,12,0.004631546322424276,0.4489847912076469,
2,5,13,0.17103968096867156,0.4405317204848701,
2,5,14,0.09448766682591833,0.4321015845208493,
2,5,15,0.06204026317375148,0.42450360483928007,
2,5,16,0.1964960411204,0.41763868619386335,
2,5,17,0.04706625327796813,0.4133931205193572,
2,5,18,0.14444202138630619,0.41018514049215754,
2,5,19,0.10419853080463817,0.4033974296417775,
2,5,20,0.10540960581410895,0.39413988344940615,
3,1,1,0.6753266501628419,0.7724199643080031,
3,1,2,0.5750347976453262,0.7285454617577074,
3,1,3,0.5843486214376759,0.6902600470264034,
3,1,4,0.44809158976102786,0.6174700072766598,
3,1,5,0.30914757798315673,0.5905395244496947,
3,1,6,0.3356735940779818,0.556108799467051,
3,1,7,0.25758355628730134,0.5228794734715256,
3,1,8,0.2561138587949027,0.5031414484982012,
3,1,9,0.19735187683410713,0.48911671761889486,
3,1,10,0.12370705373532713,0.4739666766932439,
3,1,11,0.06581262187336037,0.4703402802073466,
3,1,12,0.14572273238071345,0.44946448386619225,
3,1,13,0.166364848629379,0.4449103620617672,
3,1,14,0.11085001344718878,0.43596538250772543,
3,1,15,0.007882073887278695,0.42694451240525755,
3,1,16,0.08260917160370586,0.41627459948925866,
3,1,17,0.10479856251762938,0.41487271628568245,
3,1,18,0.03195084486575995,0.39848291333102714,
3,1,19,-0.020115533625211707,0.39653873174184145,
3,1,20,0.10485601566640336,0.39009818339483504,
3,2,1,0.698897565533289,0.7667554849328796,
3,2,2,0.6468051882579119,0.7164951976962506,
3,2,3,0.5217705623494039,0.6940157096950881,
3,2,4,0.4484057483284961,0.6178405383288745,
3,2,5,0.3386466157911283,0.5790944001587321,
3,2,6,0.35673500220460036,0.556251467544354,
3,2,7,0.23744750901626072,0.5139557245327716,
3,2,8,0.2605931892747007,0.506110405900151,
3,2,9,0.1847915929190501,0.49236843742777914,
3,2,10,0.14212335971800613,0.48529878807511756,
3,2,11,0.11689506890436381,0.4614206385615937,
3,2,12,0.15578647283477645,0.45849026243714436,
3,2,13,0.20738727917290717,0.4393584035067061,
3,2,14,0.11463730571433518,0.43203941023727,
3,2,15,0.06525277534676686,0.4151586425914682,
3,2,16,0.15197008361538708,0.4068699588057072,
3,2,17,0.039942037994550664,0.40314976878633046,
3,2,18,0.09088955277382418,0.3974115730218742,
3,2,19,0.12802575251711817,0.3907212606738442,
3,2,20,0.09297068340763909,0.3870141308738325,
3,3,1,0.6641284540884516,0.7761252678832955,
3,3,2,0.6431741734127976,0.7196231381254234,
3,3,3,0.6016421267530234,0.6875454766304968,
3,3,4,0.49439310218970267,0.5983313241859184,
3,3,5,0.3802672203130707,0.5734275256707583,
3,3,6,0.40206559951920656,0.5549267771333882,
3,3,7,0.19871140002640308,0.5090763146805641,
3,3,8,0.26526375102145233,0.5080318750090803,
3,3,9,0.19257749001532923,0.48520055049498645,
3,3,10,0.26319318081214776,0.47633067048332617,
3,3,11,0.1336764088340402,0.4646328282059177,
3,3,12,0.15715595598673018,0.4499784227071068,
3,3,13,0.16317148205375626,0.44341044002879537,
3,3,14,0.1385906747378423,0.43226983738151686,
3,3,15,0.16525789015959252,0.41534622677290367,
3,3,16,0.06625998973214138,0.40604080752329097,
3,3,17,0.11335709598081298,0.4011103067608447,
3,3,18,0.10720816217769438,0.39973259259286503,
3,3,19,0.06259004004143066,0.39268712061465055,
3,3,20,0.13600746164963282,0.3782865482482449,
3,4,1,0.6911372333655827,0.7685239338328432,
3,4,2,0.5807987308070625,0.7278597497374018,
3,4,3,0.5598626589694679,0.692772281906157,
3,4,4,0.49804116413478683,0.600624919749108,
3,4,5,0.3681030400426844,0.5762415586592905,
3,4,6,0.3814825067850259,0.5616651125400692,
3,4,7,0.2921475684524934,0.5161667711013905,
3,4,8,0.18889659045599194,0.505444586528219,
3,4,9,0.25956141317766496,0.4968429916834331,
3,4,10,0.13423062084024104,0.46764109207869203,
3,4,11,0.042216515882805325,0.45517538742499136,
3,4,12,0.08153462060144982,0.44659941275117804,
3,4,13,0.1125369103360306,0.44474030624727856,
3,4,14,0.062133359800528504,0.4345360049392852,
3,4,15,0.07778925428258898,0.4284838726916431,
3,4,16,0.06569794859045476,0.422432970544088,
3,4,17,0.11280156060323436,0.41338277855150624,
3,4,18,0.11562179334099779,0.40830166519637057,
3,4,19,0.07816296335465261,0.3963770116761919,
3,4,20,0.029795839481626278,0.39303015982409756,
3,5,1,0.6954878764082757,0.768576504630178,
3,5,2,0.6088310748008127,0.723071763932554,
3,5,3,0.5610223034870323,0.6939364137890954,
3,5,4,0.42731026479035855,0.6218031002259593,
3,5,5,0.30509636728564693,0.579422352260339,
3,5,6,0.4257381346796689,0.5559672709739886,
3,5,7,0.19666558028456146,0.5257705706502435,
3,5,8,0.23247265130385347,0.512488043744561,
3,5,9,0.26390683672132065,0.4866003667537363,
3,5,10,0.11304027174562675,0.4683169583752198,
3,5,11,0.15657039154869176,0.46318807276262486,
3,5,12,0.15796534538269108,0.44557405848255066,
3,5,13,0.11923792729399868,0.43544427596518936,
3,5,14,0.03324511821854955,0.4261898626150608,
3,5,15,0.20864389228163305,0.42253014628297086,
3,5,16,0.11940777557540369,0.41078822063974124,
3,5,17,0.09838853867736067,0.409327477387109,
3,5,18,0.03570296853952067,0.4053308472442278,
3,5,19,0.08792518379644419,0.39337385480518855,
3,5,20,0.0666617925326733,0.38997067791455386,
4,1,1,0.665324989619576,0.7723819544324049,
4,1,2,0.601893939191228,0.7186439274906413,
4,1,3,0.5659841684372392,0.6872374349117443,
4,1,4,0.44170765963520986,0.6354111224336447,
4,1,5,0.3038606123541829,0.5816061072326539,
4,1,6,0.3716765216380251,0.5708631324828185,
4,1,7,0.19772605078519812,0.5280920691294846,
4,1,8,0.18842704094403415,0.518499912568924,
4,1,9,0.23136709415548012,0.5015676042896658,
4,1,10,0.1433834505179518,0.4816830948620983,
4,1,11,0.11481280068001257,0.46490150416003323,
4,1,12,0.15336835179206976,0.45993895713784455,
4,1,13,0.13096247040719508,0.4451735842899583,
4,1,14,0.13219870967627184,0.4366869503861671,
4,1,15,0.165205863680768,0.42340322649501777,
4,1,16,0.15486852720021566,0.4200449958361207,
4,1,17,0.04516208672150962,0.41184918184122193,
4,1,18,0.05759913556357091,0.4006357509888169,
4,1,19,-0.004814657560323334,0.39294647108639524,
4,1,20,0.0017267902141989272,0.3888832545332571,
4,2,1,0.7046518541538794,0.7627324789970638,
4,2,2,0.6607677482823605,0.7093715911972968,
4,2,3,0.5147174100359583,0.6856100981328371,
4,2,4,0.488517573139275,0.6328057969580639,
4,2,5,0.3795785071020095,0.5710160310165826,
4,2,6,0.36067734658976525,0.5618137639000049,
4,2,7,0.1907301065263356,0.5150300033634404,
4,2,8,0.28353773149993766,0.505583924685269,
4,2,9,0.18874576944465407,0.4979566648134198,
4,2,10,0.1888572109484212,0.48554886574724965,
4,2,11,0.19015704819236412,0.4636815408179646,
4,2,12,0.17729716951869257,0.4555843549854847,
4,2,13,0.13503693355340982,0.450441566263059,
4,2,14,0.1089497503172979,0.4347401866885122,
4,2,15,0.16947358073414856,0.4318059185215891,
4,2,16,0.10065010130399227,0.4159366056419125,
4,2,17,0.15432305739217372,0.40886935699960325,
4,2,18,0.026731074269223016,0.4074911830468121,
4,2,19,0.1330718829218886,0.3928204933569093,
4,2,20,0.08485394373157175,0.3917328469488449,
4,3,1,0.659370566266688,0.7705868403721942,
4,3,2,0.6353601129609424,0.7146541697366398,
4,3,3,0.5466419698080295,0.6890939194612155,
4,3,4,0.5042268007103073,0.6210401980996427,
4,3,5,0.40180141061310265,0.5738410701777089,
4,3,6,0.3665754944614176,0.5595895615706505,
4,3,7,0.2231054337197908,0.5239596313930883,
4,3,8,0.2499925982016316,0.5101276161465766,
4,3,9,0.24020860766095384,0.49754462330740545,
4,3,10,0.19549481991471207,0.47255372567984,
4,3,11,0.19910526147755817,0.4666038762156134,
4,3,12,0.16736745986490456,0.4524781445941484,
4,3,13,0.13458066073698174,0.4447691131097224,
4,3,14,0.10966762198769789,0.438545033463237,
4,3,15,0.06307449067944566,0.42328701388428835,
4,3,16,0.08583269648420368,0.4150064361894698,
4,3,17,0.07581527331037718,0.4051079339605889,
4,3,18,0.00471409198127114,0.4004625006408939,
4,3,19,0.13794172658651857,0.39300039773204526,
4,3,20,0.029734628630340484,0.3891822713153262,
4,4,1,0.684537584194855,0.7632078643170206,
4,4,2,0.5661985070046393,0.730600532900704,
4,4,3,0.5777524041113846,0.681221786114278,
4,4,4,0.4769264149796331,0.6283901470251634,
4,4,5,0.31186788848653163,0.5727661693358955,
4,4,6,0.41179954612528924,0.56261911350427,
4,4,7,0.22562809907964002,0.5289103092090495,
4,4,8,0.15990499666046779,0.5030622823843539,
4,4,9,0.2450096530266344,0.4858318636434762,
4,4,10,0.0964787829461436,0.4737757060192219,
4,4,11,0.17656108829775274,0.470090618764249,
4,4,12,0.1301343676282325,0.45835991638139667,
4,4,13,0.17687421740711035,0.4468675947461723,
4,4,14,0.09568559259590746,0.4377351580180679,
4,4,15,0.09403364951076384,0.433886914529245,
4,4,16,0.16176493179685705,0.41454526944976694,
4,4,17,0.08359311811420095,0.4044560426069498,
4,4,18,0.0657718257622134,0.3986257601057981,
4,4,19,-0.014407485601342387,0.39412027509121456,
4,4,20,0.09974058422429546,0.38670211196346294,
4,5,1,0.6758816414210225,0.7695444128379892,
4,5,2,0.5947773864470823,0.7173831249706492,
4,5,3,0.5709354820387812,0.6848941141720389,
4,5,4,0.43234220160147885,0.6364412125858064,
4,5,5,0.32404450834047505,0.5754477557588973,
4,5,6,0.44039010161271847,0.5458574908756116,
4,5,7,0.2605462103287484,0.5212460133286277,
4,5,8,0.25318594066587763,0.5140853960410656,
4,5,9,0.22008765850517178,0.4936548865773793,
4,5,10,0.1493332159459675,0.47547101817208715,
4,5,11,0.24875215783305113,0.46321985887901357,
4,5,12,0.031221533316347583,0.450690391410202,
4,5,13,0.08149720838039529,0.4361233206081889,
4,5,14,0.1975297967220602,0.4349326887711466,
4,5,15,-0.013689073019327917,0.43114277417769314,
4,5,16,0.02014090813993639,0.4095082955994495,
4,5,17,0.07412943207757734,0.40616291500316054,
4,5,18,0.0914780638013709,0.40010493473593317,
4,5,19,0.060268626492898186,0.39286295939145105,
4,5,20,0.08678771161252914,0.3842198844048873,
5,1,1,0.675196480190123,0.7823830394896362,
5,1,2,0.6201307127933138,0.736990377227502,
5,1,3,0.5976780094445557,0.7103633109917556,
5,1,4,0.48214889354779833,0.6411275157039951,
5,1,5,0.39218050859394155,0.5951146347769509,
5,1,6,0.3749309932051913,0.5759916264343158,
5,1,7,0.18216380398747498,0.5258145585329914,
5,1,8,0.27212617587839016,0.5101046182945238,
5,1,9,0.18606997949563947,0.5023435030664896,
5,1,10,0.17573340853172684,0.4810805950807144,
5,1,11,0.11740128937184399,0.473581074278078,
5,1,12,0.09525643564267286,0.4547179650417816,
5,1,13,0.18588866635448223,0.44650797499526845,
5,1,14,0.11623290288426308,0.4376981864459028,
5,1,15,0.05225097312951766,0.4262195527450648,
5,1,16,0.07019387599081368,0.4163107764364429,
5,1,17,0.10558637526442903,0.4092309925331299,
5,1,18,0.08353864813453561,0.40359771117387166,
5,1,19,0.13559907204079694,0.398989702328881,
5,1,20,-0.08701033405699687,0.39443242044886345,
5,2,1,0.7115239267039792,0.7735026310066555,
5,2,2,0.640611025835807,0.7280161441816027,
5,2,3,0.5724528820457715,0.7084660578734752,
5,2,4,0.47079418706259174,0.63838014743072,
5,2,5,0.42204879144526786,0.5936508371131622,
5,2,6,0.36105262666937904,0.5664439677670656,
5,2,7,0.2966425900490341,0.5226869742115862,
5,2,8,0.1572490906993586,0.5106618068292704,
5,2,9,0.2420754123769353,0.50414793578948,
5,2,10,0.17023513583774125,0.4908526342154743,
5,2,11,0.18037331401331572,0.46900516179504015,
5,2,12,0.14946195174531518,0.45474077158417414,
5,2,13,0.2042840263888263,0.43697075355843645,
5,2,14,0.18669023319879105,0.43299678990453244,
5,2,15,0.07809350088559215,0.41854850072105093,
5,2,16,0.09233622792262305,0.4141914631463954,
5,2,17,0.12529621894011048,0.40437514399874036,
5,2,18,0.17552332621456723,0.3945830864147004,
5,2,19,0.04720535585787971,0.38829241095249667,
5,2,20,0.14484367600294884,0.379891045834064,
5,3,1,0.6847561726225989,0.7766728487224667,
5,3,2,0.6349207081506808,0.7290675989904782,
5,3,3,0.5926740420292108,0.7052200046095667,
5,3,4,0.5207807116064267,0.6246416057477244,
5,3,5,0.40499350435582315,0.5958581216990484,
5,3,6,0.37225355600837257,0.5654410050984499,
5,3,7,0.248614117628508,0.5306731557595623,
5,3,8,0.23685233795195165,0.5098691110967813,
5,3,9,0.2356492593542629,0.49340671330082775,
5,3,10,0.18023232416685508,0.47664895381339073,
5,3,11,0.17466275781688495,0.47108645721262854,
5,3,12,0.18025258161966007,0.4593702268262606,
5,3,13,0.058432691260723035,0.44918076701857373,
5,3,14,0.10394517393306707,0.44127815197018205,
5,3,15,0.11155038504578403,0.43107802136393814,
5,3,16,0.038797941507656336,0.4277753257827723,
5,3,17,0.09465777668042553,0.41913624756858125,
5,3,18,0.0840376105163135,0.39874874904125973,
5,3,19,0.08422198476831558,0.38622740947640394,
5,3,20,0.03037857621305383,0.38462185620629435,
5,4,1,0.7030406209260872,0.7708065889149511,
5,4,2,0.5839497912716196,0.7441154501940147,
5,4,3,0.600047403416702,0.702114194651703,
5,4,4,0.4895025507512946,0.6336989570609896,
5,4,5,0.4188350328349405,0.5977769876757659,
5,4,6,0.39370669171511213,0.5590823424399582,
5,4,7,0.25183270391993495,0.5362458126108525,
5,4,8,0.30244575889203723,0.5063962387782037,
5,4,9,0.1707534900505427,0.495656499841422,
5,4,10,0.17048810158064165,0.4798161720403377,
5,4,11,0.15368206908921653,0.4639084226293646,
5,4,12,0.18168549014970725,0.4617204294564919,
5,4,13,0.12048648847551365,0.4558023894217288,
5,4,14,0.09658343610173327,0.44180218191887355,
5,4,15,0.11879214389771779,0.4313534495577868,
5,4,16,0.09918136718098129,0.41937087143330515,
5,4,17,0.14797627408214648,0.41443100164992913,
5,4,18,0.045764273455758134,0.4025382345378453,
5,4,19,0.018347049926320705,0.39941799734608646,
5,4,20,0.01703887796841697,0.3961665686795283,
5,5,1,0.6851019873915195,0.7751202276723049,
5,5,2,0.6296288673089261,0.7286938043554526,
5,5,3,0.5877723816352504,0.7051820783330804,
5,5,4,0.47169507459596605,0.6421331379194051,
5,5,5,0.3695785280932182,0.6030688074294916,
5,5,6,0.4031374232010872,0.5534328783456214,
5,5,7,0.2434907357598454,0.5367608249065434,
5,5,8,0.2491842586335998,0.5177652829927678,
5,5,9,0.16459596932466106,0.48262986674524166,
5,5,10,0.22408118747007486,0.47492336024288395,
5,5,11,0.24197109104045036,0.46716991317317136,
5,5,12,0.18198085164138547,0.45114119038426526,
5,5,13,0.11703948152749631,0.44031988680869993,
5,5,14,0.06046848842462985,0.42872549656085235,
5,5,15,0.06683027994090214,0.4246439655243383,
5,5,16,0.07223672412453686,0.4203188481747802,
5,5,17,0.14258551968428304,0.40893125194966734,
5,5,18,0.04249723398039642,0.4045258978923893,
5,5,19,0.1503044185140877,0.40218930725703483,
5,5,20,-0.004387924680524501,0.38822626007508526,
