subject,map,network,mean
1,video,Vis,0.053313837953533415
1,video,SomMot,0.057728283617797846
1,video,DorsAttn,0.0830916204694128
1,video,SalVentAttn,0.039127504525076955
1,video,Limbic,0.044518176318215016
1,video,Cont,0.05381429330621574
1,video,Default,0.04806131195660028
2,video,Vis,0.07769287270260096
2,video,SomMot,0.0812872356739569
2,video,DorsAttn,0.11697673319338017
2,video,SalVentAttn,0.04764342110869107
2,video,Limbic,0.04752015777827823
2,video,Cont,0.07408628118937341
2,video,Default,0.06970648325312737
3,video,Vis,0.08702420885716791
3,video,SomMot,0.060662139597950714
3,video,DorsAttn,0.12020723886399028
3,video,SalVentAttn,0.03478433670242013
3,video,Limbic,0.027442883378394824
3,video,Cont,0.04190081220110309
3,video,Default,0.044038932184856334
4,video,Vis,0.06355371375023364
4,video,SomMot,0.05418692305765275
4,video,DorsAttn,0.08585214749690499
4,video,SalVentAttn,0.026327664269624313
4,video,Limbic,0.029854774342855193
4,video,Cont,0.029220678755391163
4,video,Default,0.035951559402256354
5,video,Vis,0.033421990794602216
5,video,SomMot,0.04838515989697686
5,video,DorsAttn,0.08777664715348127
5,video,SalVentAttn,0.024900732299473823
5,video,Limbic,0.0237425304176053
5,video,Cont,0.02552171286494403
5,video,Default,0.04182945595124787
1,content,Vis,0.02764728292530735
1,content,SomMot,0.03116176804790794
1,content,DorsAttn,0.061013694000762
1,content,SalVentAttn,0.014313417652672399
1,content,Limbic,0.019689485847321622
1,content,Cont,0.030532222102904065
1,content,Default,0.027873054983592584
2,content,Vis,0.048822938620609053
2,content,SomMot,0.05036916625764583
2,content,DorsAttn,0.07546436301838871
2,content,SalVentAttn,0.01722072151536302
2,content,Limbic,0.027697013687388077
2,content,Cont,0.05393307370995559
2,content,Default,0.0526418053564384
3,content,Vis,0.03720677036516296
3,content,SomMot,0.03612150444104227
3,content,DorsAttn,0.08651906198049679
3,content,SalVentAttn,0.01148699856949516
3,content,Limbic,0.00748940477132139
3,content,Cont,0.022432865515981375
3,content,Default,0.018800998967140117
4,content,Vis,0.03146289824177266
4,content,SomMot,0.029697996851743205
4,content,DorsAttn,0.055904969139370465
4,content,SalVentAttn,0.0025351453843461894
4,content,Limbic,0.008853383286459682
4,content,Cont,0.011687210785457423
4,content,Default,0.013140051889329549
5,content,Vis,0.0038182610775962696
5,content,SomMot,0.017614712780787377
5,content,DorsAttn,0.052248938388601764
5,content,SalVentAttn,-0.0032504632828635554
5,content,Limbic,-0.0006755313041695128
5,content,Cont,-0.003219265569929993
5,content,Default,0.01804792921796979
1,video_content,Vis,0.059943268084305466
1,video_content,SomMot,0.06040926028872719
1,video_content,DorsAttn,0.0860813453286431
1,video_content,SalVentAttn,0.04172984080065454
1,video_content,Limbic,0.04768954103141122
1,video_content,Cont,0.05742827588820085
1,video_content,Default,0.05147216395515333
2,video_content,Vis,0.08790681994385303
2,video_content,SomMot,0.08525960420647674
2,video_content,DorsAttn,0.11810616387216814
2,video_content,SalVentAttn,0.049170458114628945
2,video_content,Limbic,0.051832426192199084
2,video_content,Cont,0.07803337554163944
2,video_content,Default,0.07403980439953857
3,video_content,Vis,0.0934924664049532
3,video_content,SomMot,0.06467135480583716
3,video_content,DorsAttn,0.12240125870283251
3,video_content,SalVentAttn,0.03714620675985838
3,video_content,Limbic,0.03058583281040013
3,video_content,Cont,0.044869269819582946
3,video_content,Default,0.0458759568376845
4,video_content,Vis,0.0705873602482246
4,video_content,SomMot,0.05762145522204809
4,video_content,DorsAttn,0.08765625223810827
4,video_content,SalVentAttn,0.02773556886774051
4,video_content,Limbic,0.03123752564860525
4,video_content,Cont,0.03382052348093893
4,video_content,Default,0.038211253919109664
5,video_content,Vis,0.038076742299461404
5,video_content,SomMot,0.049971500816746346
5,video_content,DorsAttn,0.0893420167211949
5,video_content,SalVentAttn,0.027017545927679864
5,video_content,Limbic,0.026117626824001088
5,video_content,Cont,0.025811622471028615
5,video_content,Default,0.04373171626829424
1,unique_video_given_content,Vis,0.03229598515899811
1,unique_video_given_content,SomMot,0.029247492240819246
1,unique_video_given_content,DorsAttn,0.02506765132788107
1,unique_video_given_content,SalVentAttn,0.027416423147982143
1,unique_video_given_content,Limbic,0.0280000551840896
1,unique_video_given_content,Cont,0.02689605378529679
1,unique_video_given_content,Default,0.023599108971560742
2,unique_video_given_content,Vis,0.03908388132324398
2,unique_video_given_content,SomMot,0.03489043794883092
2,unique_video_given_content,DorsAttn,0.0426418008537794
2,unique_video_given_content,SalVentAttn,0.03194973659926592
2,unique_video_given_content,Limbic,0.024135412504811014
2,unique_video_given_content,Cont,0.024100301831683855
2,unique_video_given_content,Default,0.02139799904310014
3,unique_video_given_content,Vis,0.05628569603979026
3,unique_video_given_content,SomMot,0.028549850364794883
3,unique_video_given_content,DorsAttn,0.035882196722335745
3,unique_video_given_content,SalVentAttn,0.02565920819036322
3,unique_video_given_content,Limbic,0.02309642803907874
3,unique_video_given_content,Cont,0.022436404303601568
3,unique_video_given_content,Default,0.027074957870544373
4,unique_video_given_content,Vis,0.03912446200645192
4,unique_video_given_content,SomMot,0.02792345837030489
4,unique_video_given_content,DorsAttn,0.0317512830987378
4,unique_video_given_content,SalVentAttn,0.02520042348339433
4,unique_video_given_content,Limbic,0.02238414236214557
4,unique_video_given_content,Cont,0.022133312695481515
4,unique_video_given_content,Default,0.02507120202978011
5,unique_video_given_content,Vis,0.034258481221865124
5,unique_video_given_content,SomMot,0.032356788035958976
5,unique_video_given_content,DorsAttn,0.037093078332593135
5,unique_video_given_content,SalVentAttn,0.030268009210543425
5,unique_video_given_content,Limbic,0.0267931581281706
5,unique_video_given_content,Cont,0.0290308880409586
5,unique_video_given_content,Default,0.025683787050324456
1,unique_content_given_video,Vis,0.006629430130772047
1,unique_content_given_video,SomMot,0.002680976670929339
1,unique_content_given_video,DorsAttn,0.002989724859230279
1,unique_content_given_video,SalVentAttn,0.00260233627557758
1,unique_content_given_video,Limbic,0.0031713647131962042
1,unique_content_given_video,Cont,0.0036139825819851167
1,unique_content_given_video,Default,0.003410851998553049
2,unique_content_given_video,Vis,0.010213947241252092
2,unique_content_given_video,SomMot,0.003972368532519843
2,unique_content_given_video,DorsAttn,0.0011294306787879523
2,unique_content_given_video,SalVentAttn,0.0015270370059378736
2,unique_content_given_video,Limbic,0.004312268413920867
2,unique_content_given_video,Cont,0.003947094352266036
2,unique_content_given_video,Default,0.004333321146411175
3,unique_content_given_video,Vis,0.0064682575477853135
3,unique_content_given_video,SomMot,0.004009215207886449
3,unique_content_given_video,DorsAttn,0.0021940198388422506
3,unique_content_given_video,SalVentAttn,0.002361870057438255
3,unique_content_given_video,Limbic,0.003142949432005305
3,unique_content_given_video,Cont,0.0029684576184798583
3,unique_content_given_video,Default,0.0018370246528281594
4,unique_content_given_video,Vis,0.007033646497990957
4,unique_content_given_video,SomMot,0.003434532164395356
4,unique_content_given_video,DorsAttn,0.001804104741203311
4,unique_content_given_video,SalVentAttn,0.0014079045981161985
4,unique_content_given_video,Limbic,0.0013827513057500602
4,unique_content_given_video,Cont,0.004599844725547772
4,unique_content_given_video,Default,0.00225969451685331
5,unique_content_given_video,Vis,0.004654751504859172
5,unique_content_given_video,SomMot,0.0015863409197694935
5,unique_content_given_video,DorsAttn,0.0015653695677136468
5,unique_content_given_video,SalVentAttn,0.0021168136282060427
5,unique_content_given_video,Limbic,0.0023750964063957883
5,unique_content_given_video,Cont,0.0002899096060845763
5,unique_content_given_video,Default,0.0019022603170463775
1,commonality_video_content,Vis,0.021017852794535292
1,commonality_video_content,SomMot,0.028480791376978606
1,commonality_video_content,DorsAttn,0.05802396914153172
1,commonality_video_content,SalVentAttn,0.011711081377094817
1,commonality_video_content,Limbic,0.016518121134125416
1,commonality_video_content,Cont,0.026918239520918947
1,commonality_video_content,Default,0.02446220298503953
2,commonality_video_content,Vis,0.03860899137935696
2,commonality_video_content,SomMot,0.046396797725125984
2,commonality_video_content,DorsAttn,0.07433493233960078
2,commonality_video_content,SalVentAttn,0.015693684509425147
2,commonality_video_content,Limbic,0.02338474527346721
2,commonality_video_content,Cont,0.04998597935768956
2,commonality_video_content,Default,0.04830848421002723
3,commonality_video_content,Vis,0.03073851281737765
3,commonality_video_content,SomMot,0.03211228923315583
3,commonality_video_content,DorsAttn,0.08432504214165452
3,commonality_video_content,SalVentAttn,0.009125128512056904
3,commonality_video_content,Limbic,0.004346455339316085
3,commonality_video_content,Cont,0.019464407897501517
3,commonality_video_content,Default,0.01696397431431196
4,commonality_video_content,Vis,0.02442925174378171
4,commonality_video_content,SomMot,0.02626346468734785
4,commonality_video_content,DorsAttn,0.05410086439816718
4,commonality_video_content,SalVentAttn,0.001127240786229991
4,commonality_video_content,Limbic,0.007470631980709621
4,commonality_video_content,Cont,0.0070873660599096505
4,commonality_video_content,Default,0.01088035737247624
5,commonality_video_content,Vis,-0.000836490427262903
5,commonality_video_content,SomMot,0.01602837186101788
5,commonality_video_content,DorsAttn,0.050683568820888134
5,commonality_video_content,SalVentAttn,-0.005367276911069598
5,commonality_video_content,Limbic,-0.0030506277105653012
5,commonality_video_content,Cont,-0.0035091751760145695
5,commonality_video_content,Default,0.016145668900923407
1,unique_av_vc,Vis,0.0009755168115361174
1,unique_av_vc,SomMot,0.0010558054826861009
1,unique_av_vc,DorsAttn,0.0007953207217269684
1,unique_av_vc,SalVentAttn,0.0007308498865274936
1,unique_av_vc,Limbic,0.0005627647374864029
1,unique_av_vc,Cont,0.000995247029674558
1,unique_av_vc,Default,0.0008061275667319668
2,unique_av_vc,Vis,0.0005895548799740721
2,unique_av_vc,SomMot,0.001100333702944273
2,unique_av_vc,DorsAttn,0.00045907095888693227
2,unique_av_vc,SalVentAttn,0.0006271408395073064
2,unique_av_vc,Limbic,0.0006704350318243286
2,unique_av_vc,Cont,0.0008721287204306765
2,unique_av_vc,Default,0.0008017993367709815
3,unique_av_vc,Vis,0.0002594239658065076
3,unique_av_vc,SomMot,0.0004882961887431213
3,unique_av_vc,DorsAttn,0.00028249655373167084
3,unique_av_vc,SalVentAttn,0.0004382395243542112
3,unique_av_vc,Limbic,0.00017216792942482002
3,unique_av_vc,Cont,0.00046433680764375
3,unique_av_vc,Default,0.000329111480454236
4,unique_av_vc,Vis,0.0001534087826052435
4,unique_av_vc,SomMot,0.000443742084117708
4,unique_av_vc,DorsAttn,0.00022330234719464994
4,unique_av_vc,SalVentAttn,0.0003148567512401096
4,unique_av_vc,Limbic,0.0002934091464698414
4,unique_av_vc,Cont,0.0005154003412384705
4,unique_av_vc,Default,0.000680410741065463
5,unique_av_vc,Vis,0.0001773071603045037
5,unique_av_vc,SomMot,0.0005825436515845313
5,unique_av_vc,DorsAttn,0.0002954083993328295
5,unique_av_vc,SalVentAttn,0.0002674303511783346
5,unique_av_vc,Limbic,0.0001608242656344115
5,unique_av_vc,Cont,0.0003112054814458151
5,unique_av_vc,Default,0.0002853263935354463
1,unique_e2_vc,Vis,0.0004135403605996613
1,unique_e2_vc,SomMot,0.0005837723809292208
1,unique_e2_vc,DorsAttn,0.00032463551557215564
1,unique_e2_vc,SalVentAttn,0.00040664223238635563
1,unique_e2_vc,Limbic,0.000398207364124949
1,unique_e2_vc,Cont,0.0005594741445758449
1,unique_e2_vc,Default,0.00040190863401390575
2,unique_e2_vc,Vis,0.0004094762558785721
2,unique_e2_vc,SomMot,0.0009011672917226799
2,unique_e2_vc,DorsAttn,0.0003182489627330857
2,unique_e2_vc,SalVentAttn,0.0003677936200050855
2,unique_e2_vc,Limbic,0.0003652249308700664
2,unique_e2_vc,Cont,0.000549779392769486
2,unique_e2_vc,Default,0.0005567489316458765
3,unique_e2_vc,Vis,0.00014670257046249364
3,unique_e2_vc,SomMot,0.000255403426177063
3,unique_e2_vc,DorsAttn,0.0002321493370957695
3,unique_e2_vc,SalVentAttn,0.00023871494834821477
3,unique_e2_vc,Limbic,0.00011509668788514457
3,unique_e2_vc,Cont,0.00025661152043263136
3,unique_e2_vc,Default,0.0002601512329419499
4,unique_e2_vc,Vis,0.00011860976863918139
4,unique_e2_vc,SomMot,0.00046075114859835174
4,unique_e2_vc,DorsAttn,0.00011319166121418767
4,unique_e2_vc,SalVentAttn,0.0002583297451142981
4,unique_e2_vc,Limbic,0.0003085017609066107
4,unique_e2_vc,Cont,0.00039299380840682185
4,unique_e2_vc,Default,0.0004974308427507277
5,unique_e2_vc,Vis,0.000125881964170228
5,unique_e2_vc,SomMot,0.00048617382443725323
5,unique_e2_vc,DorsAttn,0.00018515186714501214
5,unique_e2_vc,SalVentAttn,0.00017500230909118622
5,unique_e2_vc,Limbic,0.00017107354679209047
5,unique_e2_vc,Cont,0.0003196847746938855
5,unique_e2_vc,Default,0.000303028577998186
1,unique_e34_vc,Vis,0.0012588256509805371
1,unique_e34_vc,SomMot,0.0017189900808940782
1,unique_e34_vc,DorsAttn,0.0012761639627947032
1,unique_e34_vc,SalVentAttn,0.0016211647854304642
1,unique_e34_vc,Limbic,0.0009719969916813189
1,unique_e34_vc,Cont,0.0015948882887161296
1,unique_e34_vc,Default,0.0015334167544198013
2,unique_e34_vc,Vis,0.0011686967771002393
2,unique_e34_vc,SomMot,0.0020614742955666365
2,unique_e34_vc,DorsAttn,0.0010656946382479773
2,unique_e34_vc,SalVentAttn,0.0012500897012190193
2,unique_e34_vc,Limbic,0.000992051216675479
2,unique_e34_vc,Cont,0.002131699376491165
2,unique_e34_vc,Default,0.0021625641302896576
3,unique_e34_vc,Vis,0.0008378909736558341
3,unique_e34_vc,SomMot,0.0011279940676715236
3,unique_e34_vc,DorsAttn,0.0015186954658484007
3,unique_e34_vc,SalVentAttn,0.0013704594816588333
3,unique_e34_vc,Limbic,0.001070160126001286
3,unique_e34_vc,Cont,0.0021752371053870632
3,unique_e34_vc,Default,0.0018099943688918113
4,unique_e34_vc,Vis,0.00017126201678090716
4,unique_e34_vc,SomMot,0.0010483920906368932
4,unique_e34_vc,DorsAttn,0.0013665847282382105
4,unique_e34_vc,SalVentAttn,0.000696616189334679
4,unique_e34_vc,Limbic,0.0009200479589532551
4,unique_e34_vc,Cont,0.0008069711450553057
4,unique_e34_vc,Default,0.0011295096699716518
5,unique_e34_vc,Vis,0.00029272297189997606
5,unique_e34_vc,SomMot,0.0008310786785814237
5,unique_e34_vc,DorsAttn,0.0015350657130060717
5,unique_e34_vc,SalVentAttn,0.0008763631636507566
5,unique_e34_vc,Limbic,0.0008187001687630988
5,unique_e34_vc,Cont,0.0008568392444282471
5,unique_e34_vc,Default,0.0007688580220400631
1,matched_2d_vs_av,Vis,-0.0005619764509364562
1,matched_2d_vs_av,SomMot,-0.0004720331017568801
1,matched_2d_vs_av,DorsAttn,-0.0004706852061548127
1,matched_2d_vs_av,SalVentAttn,-0.0003242076541411379
1,matched_2d_vs_av,Limbic,-0.00016455737336145394
1,matched_2d_vs_av,Cont,-0.0004357728850987132
1,matched_2d_vs_av,Default,-0.00040421893271806107
2,matched_2d_vs_av,Vis,-0.00018007862409549996
2,matched_2d_vs_av,SomMot,-0.00019916641122159312
2,matched_2d_vs_av,DorsAttn,-0.00014082199615384652
2,matched_2d_vs_av,SalVentAttn,-0.000259347219502221
2,matched_2d_vs_av,Limbic,-0.00030521010095426224
2,matched_2d_vs_av,Cont,-0.0003223493276611905
2,matched_2d_vs_av,Default,-0.00024505040512510503
3,matched_2d_vs_av,Vis,-0.00011272139534401395
3,matched_2d_vs_av,SomMot,-0.00023289276256605835
3,matched_2d_vs_av,DorsAttn,-5.034721663590135e-05
3,matched_2d_vs_av,SalVentAttn,-0.00019952457600599642
3,matched_2d_vs_av,Limbic,-5.707124153967543e-05
3,matched_2d_vs_av,Cont,-0.00020772528721111862
3,matched_2d_vs_av,Default,-6.896024751228609e-05
4,matched_2d_vs_av,Vis,-3.4799013966062116e-05
4,matched_2d_vs_av,SomMot,1.700906448064378e-05
4,matched_2d_vs_av,DorsAttn,-0.00011011068598046227
4,matched_2d_vs_av,SalVentAttn,-5.652700612581151e-05
4,matched_2d_vs_av,Limbic,1.5092614436769295e-05
4,matched_2d_vs_av,Cont,-0.00012240653283164857
4,matched_2d_vs_av,Default,-0.00018297989831473526
5,matched_2d_vs_av,Vis,-5.1425196134275694e-05
5,matched_2d_vs_av,SomMot,-9.636982714727798e-05
5,matched_2d_vs_av,DorsAttn,-0.00011025653218781737
5,matched_2d_vs_av,SalVentAttn,-9.242804208714837e-05
5,matched_2d_vs_av,Limbic,1.0249281157678971e-05
5,matched_2d_vs_av,Cont,8.479293248070396e-06
5,matched_2d_vs_av,Default,1.7702184462739738e-05
1,fine_grained_vs_av,Vis,0.0002833088394444196
1,fine_grained_vs_av,SomMot,0.0006631845982079773
1,fine_grained_vs_av,DorsAttn,0.00048084324106773473
1,fine_grained_vs_av,SalVentAttn,0.0008903148989029706
1,fine_grained_vs_av,Limbic,0.0004092322541949159
1,fine_grained_vs_av,Cont,0.0005996412590415714
1,fine_grained_vs_av,Default,0.0007272891876878345
2,fine_grained_vs_av,Vis,0.0005791418971261673
2,fine_grained_vs_av,SomMot,0.0009611405926223635
2,fine_grained_vs_av,DorsAttn,0.0006066236793610451
2,fine_grained_vs_av,SalVentAttn,0.0006229488617117128
2,fine_grained_vs_av,Limbic,0.0003216161848511504
2,fine_grained_vs_av,Cont,0.0012595706560604885
2,fine_grained_vs_av,Default,0.0013607647935186759
3,fine_grained_vs_av,Vis,0.0005784670078493265
3,fine_grained_vs_av,SomMot,0.0006396978789284023
3,fine_grained_vs_av,DorsAttn,0.00123619891211673
3,fine_grained_vs_av,SalVentAttn,0.0009322199573046222
3,fine_grained_vs_av,Limbic,0.0008979921965764658
3,fine_grained_vs_av,Cont,0.001710900297743313
3,fine_grained_vs_av,Default,0.0014808828884375752
4,fine_grained_vs_av,Vis,1.7853234175663656e-05
4,fine_grained_vs_av,SomMot,0.0006046500065191851
4,fine_grained_vs_av,DorsAttn,0.0011432823810435604
4,fine_grained_vs_av,SalVentAttn,0.0003817594380945693
4,fine_grained_vs_av,Limbic,0.0006266388124834138
4,fine_grained_vs_av,Cont,0.0002915708038168353
4,fine_grained_vs_av,Default,0.0004490989289061889
5,fine_grained_vs_av,Vis,0.00011541581159547238
5,fine_grained_vs_av,SomMot,0.0002485350269968924
5,fine_grained_vs_av,DorsAttn,0.0012396573136732422
5,fine_grained_vs_av,SalVentAttn,0.0006089328124724221
5,fine_grained_vs_av,Limbic,0.0006578759031286873
5,fine_grained_vs_av,Cont,0.000545633762982432
5,fine_grained_vs_av,Default,0.0004835316285046169
1,resolution_34d_vs_2d,Vis,0.0008452852903808758
1,resolution_34d_vs_2d,SomMot,0.0011352176999648573
1,resolution_34d_vs_2d,DorsAttn,0.0009515284472225474
1,resolution_34d_vs_2d,SalVentAttn,0.0012145225530441086
1,resolution_34d_vs_2d,Limbic,0.0005737896275563698
1,resolution_34d_vs_2d,Cont,0.0010354141441402847
1,resolution_34d_vs_2d,Default,0.0011315081204058956
2,resolution_34d_vs_2d,Vis,0.0007592205212216673
2,resolution_34d_vs_2d,SomMot,0.0011603070038439566
2,resolution_34d_vs_2d,DorsAttn,0.0007474456755148915
2,resolution_34d_vs_2d,SalVentAttn,0.0008822960812139339
2,resolution_34d_vs_2d,Limbic,0.0006268262858054127
2,resolution_34d_vs_2d,Cont,0.001581919983721679
2,resolution_34d_vs_2d,Default,0.001605815198643781
3,resolution_34d_vs_2d,Vis,0.0006911884031933404
3,resolution_34d_vs_2d,SomMot,0.0008725906414944607
3,resolution_34d_vs_2d,DorsAttn,0.0012865461287526313
3,resolution_34d_vs_2d,SalVentAttn,0.0011317445333106186
3,resolution_34d_vs_2d,Limbic,0.0009550634381161413
3,resolution_34d_vs_2d,Cont,0.0019186255849544319
3,resolution_34d_vs_2d,Default,0.0015498431359498614
4,resolution_34d_vs_2d,Vis,5.265224814172577e-05
4,resolution_34d_vs_2d,SomMot,0.0005876409420385413
4,resolution_34d_vs_2d,DorsAttn,0.0012533930670240228
4,resolution_34d_vs_2d,SalVentAttn,0.00043828644422038083
4,resolution_34d_vs_2d,Limbic,0.0006115461980466444
4,resolution_34d_vs_2d,Cont,0.0004139773366484839
4,resolution_34d_vs_2d,Default,0.0006320788272209241
5,resolution_34d_vs_2d,Vis,0.00016684100772974809
5,resolution_34d_vs_2d,SomMot,0.00034490485414417037
5,resolution_34d_vs_2d,DorsAttn,0.0013499138458610597
5,resolution_34d_vs_2d,SalVentAttn,0.0007013608545595704
5,resolution_34d_vs_2d,Limbic,0.0006476266219710083
5,resolution_34d_vs_2d,Cont,0.0005371544697343616
5,resolution_34d_vs_2d,Default,0.0004658294440418772
1,unique_e3_vc,Vis,0.0004210265636273025
1,unique_e3_vc,SomMot,0.0006002030585040289
1,unique_e3_vc,DorsAttn,0.00042941301206839627
1,unique_e3_vc,SalVentAttn,0.00048546497143864986
1,unique_e3_vc,Limbic,0.00044602087743232335
1,unique_e3_vc,Cont,0.0005778041483426289
1,unique_e3_vc,Default,0.0004389504414614415
2,unique_e3_vc,Vis,0.0005226752924371025
2,unique_e3_vc,SomMot,0.0010173952760007298
2,unique_e3_vc,DorsAttn,0.0004140739233068829
2,unique_e3_vc,SalVentAttn,0.00047316389230678507
2,unique_e3_vc,Limbic,0.0004365381806883993
2,unique_e3_vc,Cont,0.000614068639720396
2,unique_e3_vc,Default,0.0006621077346379717
3,unique_e3_vc,Vis,0.000167713181357967
3,unique_e3_vc,SomMot,0.0003190615904042601
3,unique_e3_vc,DorsAttn,0.0004236437186256784
3,unique_e3_vc,SalVentAttn,0.00034874358144491944
3,unique_e3_vc,Limbic,0.0001821316198367929
3,unique_e3_vc,Cont,0.0004063764502397781
3,unique_e3_vc,Default,0.00032288094141048776
4,unique_e3_vc,Vis,0.00013776666264244273
4,unique_e3_vc,SomMot,0.0004936956703056173
4,unique_e3_vc,DorsAttn,0.00019045364807279455
4,unique_e3_vc,SalVentAttn,0.0002962814119480642
4,unique_e3_vc,Limbic,0.0003363221245345323
4,unique_e3_vc,Cont,0.0004030114906313989
4,unique_e3_vc,Default,0.0005370590898220256
5,unique_e3_vc,Vis,0.00016677758929989624
5,unique_e3_vc,SomMot,0.0005558120409752611
5,unique_e3_vc,DorsAttn,0.0003803444203982897
5,unique_e3_vc,SalVentAttn,0.00027700934859906985
5,unique_e3_vc,Limbic,0.0002575621943526639
5,unique_e3_vc,Cont,0.0003969562849993634
5,unique_e3_vc,Default,0.0004219907280491414
1,unique_e5_vc,Vis,0.0005461283455963484
1,unique_e5_vc,SomMot,0.0007911685236631678
1,unique_e5_vc,DorsAttn,0.0006763692004742752
1,unique_e5_vc,SalVentAttn,0.0006497673078151572
1,unique_e5_vc,Limbic,0.0005421807672227372
1,unique_e5_vc,Cont,0.0006909744751196959
1,unique_e5_vc,Default,0.0005689891474172446
2,unique_e5_vc,Vis,0.0006437896967488911
2,unique_e5_vc,SomMot,0.001204246232107917
2,unique_e5_vc,DorsAttn,0.0005363958220890332
2,unique_e5_vc,SalVentAttn,0.0007440466815726169
2,unique_e5_vc,Limbic,0.0005084936961491457
2,unique_e5_vc,Cont,0.0009537689458741932
2,unique_e5_vc,Default,0.0010147981296133883
3,unique_e5_vc,Vis,0.00015092942953131945
3,unique_e5_vc,SomMot,0.0003072136006943899
3,unique_e5_vc,DorsAttn,0.0005185064039912132
3,unique_e5_vc,SalVentAttn,0.0004670731189316091
3,unique_e5_vc,Limbic,0.00018410386215067948
3,unique_e5_vc,Cont,0.0005346893271019637
3,unique_e5_vc,Default,0.00038224855307570813
4,unique_e5_vc,Vis,0.00025728883920607106
4,unique_e5_vc,SomMot,0.0006140376408504357
4,unique_e5_vc,DorsAttn,0.000409114925504176
4,unique_e5_vc,SalVentAttn,0.00039745758042707813
4,unique_e5_vc,Limbic,0.0004361917813757849
4,unique_e5_vc,Cont,0.0004492977239860786
4,unique_e5_vc,Default,0.0006604887433313824
5,unique_e5_vc,Vis,0.00028698523408534406
5,unique_e5_vc,SomMot,0.0006435735680135818
5,unique_e5_vc,DorsAttn,0.0006236348178093525
5,unique_e5_vc,SalVentAttn,0.0003834539579161618
5,unique_e5_vc,Limbic,0.00027299921233664426
5,unique_e5_vc,Cont,0.0003959481139923056
5,unique_e5_vc,Default,0.00044622742338512903
1,unique_e10_vc,Vis,0.0014016507975252454
1,unique_e10_vc,SomMot,0.0017211320548556983
1,unique_e10_vc,DorsAttn,0.0015651003407682281
1,unique_e10_vc,SalVentAttn,0.0014766940129410943
1,unique_e10_vc,Limbic,0.0009917856221894168
1,unique_e10_vc,Cont,0.0015363367265759653
1,unique_e10_vc,Default,0.0013404873139800935
2,unique_e10_vc,Vis,0.0009412307051780476
2,unique_e10_vc,SomMot,0.0016989703191464865
2,unique_e10_vc,DorsAttn,0.0011044557412844946
2,unique_e10_vc,SalVentAttn,0.0012337997628436381
2,unique_e10_vc,Limbic,0.0008101790377685111
2,unique_e10_vc,Cont,0.0017930743110749407
2,unique_e10_vc,Default,0.001817534267281422
3,unique_e10_vc,Vis,0.0005859313023847706
3,unique_e10_vc,SomMot,0.0007984501496265106
3,unique_e10_vc,DorsAttn,0.0011183957850662938
3,unique_e10_vc,SalVentAttn,0.001142702632000882
3,unique_e10_vc,Limbic,0.0005654472629651292
3,unique_e10_vc,Cont,0.0015677903092100492
3,unique_e10_vc,Default,0.0011794737719178117
4,unique_e10_vc,Vis,0.0003651633485259402
4,unique_e10_vc,SomMot,0.0008071375860699001
4,unique_e10_vc,DorsAttn,0.000948308525822894
4,unique_e10_vc,SalVentAttn,0.0005315606900733325
4,unique_e10_vc,Limbic,0.0006857094138193293
4,unique_e10_vc,Cont,0.000837309993735679
4,unique_e10_vc,Default,0.0009532390360752083
5,unique_e10_vc,Vis,0.00031676528295172243
5,unique_e10_vc,SomMot,0.0008388860185423953
5,unique_e10_vc,DorsAttn,0.0011530851450852729
5,unique_e10_vc,SalVentAttn,0.0005318185084056493
5,unique_e10_vc,Limbic,0.0006999034030789736
5,unique_e10_vc,Cont,0.0006707290350731776
5,unique_e10_vc,Default,0.0005509513303531524
1,unique_e20_vc,Vis,0.0012321801862339352
1,unique_e20_vc,SomMot,0.0015986528217629965
1,unique_e20_vc,DorsAttn,0.0014470311429904596
1,unique_e20_vc,SalVentAttn,0.0014413858418023046
1,unique_e20_vc,Limbic,0.0010517597700156179
1,unique_e20_vc,Cont,0.0014480558913484004
1,unique_e20_vc,Default,0.0013187897412873914
2,unique_e20_vc,Vis,0.00126241075068658
2,unique_e20_vc,SomMot,0.002115069929955948
2,unique_e20_vc,DorsAttn,0.0013206486968376158
2,unique_e20_vc,SalVentAttn,0.0014133471238604901
2,unique_e20_vc,Limbic,0.0010563272539664058
2,unique_e20_vc,Cont,0.0021822383135910984
2,unique_e20_vc,Default,0.0020994731490583114
3,unique_e20_vc,Vis,0.0006571346884179492
3,unique_e20_vc,SomMot,0.000830353356996248
3,unique_e20_vc,DorsAttn,0.0013262235277893613
3,unique_e20_vc,SalVentAttn,0.0010982450736630686
3,unique_e20_vc,Limbic,0.0006915054855798993
3,unique_e20_vc,Cont,0.0016616300659032994
3,unique_e20_vc,Default,0.0014199847374243388
4,unique_e20_vc,Vis,0.0002647759316066246
4,unique_e20_vc,SomMot,0.0009629293117267388
4,unique_e20_vc,DorsAttn,0.001381116050201868
4,unique_e20_vc,SalVentAttn,0.0006665984006572089
4,unique_e20_vc,Limbic,0.0008622152809481659
4,unique_e20_vc,Cont,0.0008145350996120651
4,unique_e20_vc,Default,0.0011094153442771338
5,unique_e20_vc,Vis,0.00034035493391338913
5,unique_e20_vc,SomMot,0.0008720279151817157
5,unique_e20_vc,DorsAttn,0.0013277339917943448
5,unique_e20_vc,SalVentAttn,0.0006684823310884213
5,unique_e20_vc,Limbic,0.0008356764081732504
5,unique_e20_vc,Cont,0.0008680119936161185
5,unique_e20_vc,Default,0.0007300399158294291
