stim_idx,stimulus_num,stimulus_name,valence_score,arousal_score,v_quartile,a_quartile,a_label
2,3,stimulus_3,6.4444,6.5556,2,3,1
3,4,stimulus_4,5.1111,4.3333,1,0,0
4,5,stimulus_5,2.5556,6.7778,0,3,1
6,7,stimulus_7,4.5556,4.5556,1,0,0
7,8,stimulus_8,6.7778,4.0,3,0,0
8,9,stimulus_9,3.3333,5.0,0,0,0
9,10,stimulus_10,7.8889,7.6667,3,3,1
10,11,stimulus_11,7.6667,6.7778,3,3,1
12,13,stimulus_13,8.4444,6.8889,3,3,1
14,15,stimulus_15,3.3333,6.6667,0,3,1
15,16,stimulus_16,6.8889,7.1111,3,3,1
19,20,stimulus_20,6.4444,6.4444,2,3,1
21,22,stimulus_22,4.7778,7.3333,1,3,1
36,37,stimulus_37,7.1111,6.4444,3,3,1
38,39,stimulus_39,5.8889,5.1111,2,0,0
46,47,stimulus_47,4.1111,4.3333,1,0,0
47,48,stimulus_48,2.0,4.5556,0,0,0
48,49,stimulus_49,5.6667,5.1111,2,0,0
50,51,stimulus_51,2.7778,5.1111,0,0,0
52,53,stimulus_53,4.1111,4.8889,1,0,0
54,55,stimulus_55,6.4444,6.6667,2,3,1
56,57,stimulus_57,6.2222,7.1111,2,3,1
57,58,stimulus_58,7.4444,6.7778,3,3,1
58,59,stimulus_59,3.1111,5.1111,0,0,0
60,61,stimulus_61,4.6667,4.3333,1,0,0
61,62,stimulus_62,1.4444,4.0,0,0,0
62,63,stimulus_63,4.6667,4.5556,1,0,0
63,64,stimulus_64,5.1111,4.8889,1,0,0
65,66,stimulus_66,5.4444,4.6667,1,0,0
66,67,stimulus_67,1.3333,3.0,0,0,0
67,68,stimulus_68,5.5556,5.1111,1,0,0
69,70,stimulus_70,5.5556,4.7778,1,0,0
70,71,stimulus_71,3.2222,4.7778,0,0,0
71,72,stimulus_72,4.1111,4.1111,1,0,0
76,77,stimulus_77,4.0,4.4444,1,0,0
78,79,stimulus_79,2.1111,4.1111,0,0,0
82,83,stimulus_83,7.7778,4.8889,3,0,0
93,94,stimulus_94,6.7778,4.8889,3,0,0
95,96,stimulus_96,2.6667,6.6667,0,3,1
99,100,stimulus_100,8.0,7.1111,3,3,1
100,101,stimulus_101,8.0,6.8889,3,3,1
102,103,stimulus_103,5.4444,4.5556,1,0,0
103,104,stimulus_104,1.7778,4.5556,0,0,0
105,106,stimulus_106,3.7778,4.6667,1,0,0
111,112,stimulus_112,6.1111,6.7778,2,3,1
116,117,stimulus_117,4.6667,4.0,1,0,0
119,120,stimulus_120,5.7778,4.3333,2,0,0
123,124,stimulus_124,2.8889,3.7778,0,0,0
126,127,stimulus_127,2.1111,6.5556,0,3,1
130,131,stimulus_131,5.7778,4.5556,2,0,0
131,132,stimulus_132,1.8889,4.8889,0,0,0
132,133,stimulus_133,1.6667,5.1111,0,0,0
134,135,stimulus_135,1.6667,4.2222,0,0,0
135,136,stimulus_136,2.2222,3.6667,0,0,0
136,137,stimulus_137,2.2222,3.2222,0,0,0
137,138,stimulus_138,4.7778,4.8889,1,0,0
139,140,stimulus_140,6.0,7.3333,2,3,1
140,141,stimulus_141,1.6667,3.3333,0,0,0
141,142,stimulus_142,6.2222,4.8889,2,0,0
142,143,stimulus_143,4.2222,4.8889,1,0,0
143,144,stimulus_144,5.0,4.0,1,0,0
144,145,stimulus_145,4.0,7.0,1,3,1
145,146,stimulus_146,7.2222,7.5556,3,3,1
147,148,stimulus_148,5.2222,7.1111,1,3,1
151,152,stimulus_152,8.3333,7.1111,3,3,1
152,153,stimulus_153,1.7778,5.1111,0,0,0
153,154,stimulus_154,1.2222,5.0,0,0,0
154,155,stimulus_155,4.4444,5.0,1,0,0
155,156,stimulus_156,5.2222,6.7778,1,3,1
156,157,stimulus_157,5.2222,6.8889,1,3,1
161,162,stimulus_162,7.1111,7.5556,3,3,1
162,163,stimulus_163,8.1111,6.4444,3,3,1
166,167,stimulus_167,8.1111,6.4444,3,3,1
167,168,stimulus_168,6.2222,5.0,2,0,0
169,170,stimulus_170,3.4444,7.7778,0,3,1
174,175,stimulus_175,5.7778,6.5556,2,3,1
175,176,stimulus_176,7.3333,7.7778,3,3,1
177,178,stimulus_178,6.3333,4.3333,2,0,0
178,179,stimulus_179,3.8889,4.0,1,0,0
181,182,stimulus_182,7.5556,7.5556,3,3,1
182,183,stimulus_183,6.4444,6.7778,2,3,1
183,184,stimulus_184,8.7778,6.7778,3,3,1
184,185,stimulus_185,6.6667,6.7778,2,3,1
185,186,stimulus_186,1.3333,3.6667,0,0,0
186,187,stimulus_187,1.0,5.0,0,0,0
188,189,stimulus_189,2.2222,7.4444,0,3,1
191,192,stimulus_192,8.2222,6.8889,3,3,1
193,194,stimulus_194,6.5556,5.1111,2,0,0
196,197,stimulus_197,1.2222,6.6667,0,3,1
197,198,stimulus_198,7.2222,5.1111,3,0,0
199,200,stimulus_200,5.8889,7.0,2,3,1
201,202,stimulus_202,5.4444,6.6667,1,3,1
202,203,stimulus_203,5.1111,3.7778,1,0,0
204,205,stimulus_205,6.8889,7.0,3,3,1
205,206,stimulus_206,7.4444,6.6667,3,3,1
206,207,stimulus_207,7.1111,6.5556,3,3,1
213,214,stimulus_214,2.8889,4.8889,0,0,0
214,215,stimulus_215,7.0,6.4444,3,3,1
216,217,stimulus_217,7.2222,6.5556,3,3,1
218,219,stimulus_219,8.3333,7.3333,3,3,1
219,220,stimulus_220,6.5556,7.0,2,3,1
221,222,stimulus_222,2.5556,6.5556,0,3,1
222,223,stimulus_223,2.8889,6.7778,0,3,1
224,225,stimulus_225,3.2222,3.4444,0,0,0
225,226,stimulus_226,1.3333,4.8889,0,0,0
227,228,stimulus_228,7.8889,7.7778,3,3,1
228,229,stimulus_229,5.6667,7.1111,2,3,1
229,230,stimulus_230,7.4444,7.5556,3,3,1
230,231,stimulus_231,3.8889,6.4444,1,3,1
231,232,stimulus_232,7.3333,6.7778,3,3,1
232,233,stimulus_233,5.2222,6.7778,1,3,1
233,234,stimulus_234,2.0,7.7778,0,3,1
235,236,stimulus_236,1.5556,4.5556,0,0,0
236,237,stimulus_237,7.3333,7.1111,3,3,1
237,238,stimulus_238,1.1111,6.4444,0,3,1
238,239,stimulus_239,4.5556,7.1111,1,3,1
247,248,stimulus_248,5.8889,6.4444,2,3,1
250,251,stimulus_251,7.0,7.0,3,3,1
252,253,stimulus_253,7.2222,7.0,3,3,1
254,255,stimulus_255,7.0,4.7778,3,0,0
255,256,stimulus_256,7.4444,6.8889,3,3,1
257,258,stimulus_258,7.7778,6.7778,3,3,1
258,259,stimulus_259,1.8889,6.6667,0,3,1
259,260,stimulus_260,6.8889,6.6667,3,3,1
260,261,stimulus_261,7.0,6.4444,3,3,1
261,262,stimulus_262,4.5556,6.6667,1,3,1
262,263,stimulus_263,6.4444,4.6667,2,0,0
263,264,stimulus_264,7.1111,6.6667,3,3,1
265,266,stimulus_266,1.2222,7.4444,0,3,1
267,268,stimulus_268,2.8889,4.0,0,0,0
268,269,stimulus_269,3.5556,7.7778,0,3,1
269,270,stimulus_270,5.2222,6.7778,1,3,1
270,271,stimulus_271,1.3333,6.4444,0,3,1
272,273,stimulus_273,7.4444,6.5556,3,3,1
273,274,stimulus_274,7.2222,5.0,3,0,0
274,275,stimulus_275,7.4444,6.7778,3,3,1
277,278,stimulus_278,2.3333,4.8889,0,0,0
278,279,stimulus_279,2.0,4.7778,0,0,0
279,280,stimulus_280,6.5556,7.2222,2,3,1
280,281,stimulus_281,6.4444,6.5556,2,3,1
281,282,stimulus_282,4.1111,5.1111,1,0,0
284,285,stimulus_285,4.3333,4.0,1,0,0
286,287,stimulus_287,6.5556,6.8889,2,3,1
287,288,stimulus_288,1.3333,2.7778,0,0,0
288,289,stimulus_289,7.8889,6.8889,3,3,1
289,290,stimulus_290,6.1111,4.3333,2,0,0
290,291,stimulus_291,7.7778,6.6667,3,3,1
294,295,stimulus_295,7.7778,6.7778,3,3,1
297,298,stimulus_298,6.4444,4.5556,2,0,0
298,299,stimulus_299,2.4444,5.1111,0,0,0
299,300,stimulus_300,4.7778,4.7778,1,0,0
301,302,stimulus_302,6.6667,6.6667,2,3,1
304,305,stimulus_305,6.1111,5.1111,2,0,0
305,306,stimulus_306,2.2222,4.7778,0,0,0
307,308,stimulus_308,2.4444,6.7778,0,3,1
308,309,stimulus_309,6.2222,6.5556,2,3,1
315,316,stimulus_316,2.7778,7.5556,0,3,1
316,317,stimulus_317,6.8889,6.4444,3,3,1
319,320,stimulus_320,7.3333,7.4444,3,3,1
320,321,stimulus_321,7.8889,6.7778,3,3,1
323,324,stimulus_324,4.0,7.0,1,3,1
324,325,stimulus_325,7.3333,6.6667,3,3,1
325,326,stimulus_326,3.8889,4.6667,1,0,0
326,327,stimulus_327,5.8889,6.6667,2,3,1
327,328,stimulus_328,7.7778,6.5556,3,3,1
329,330,stimulus_330,6.3333,6.6667,2,3,1
334,335,stimulus_335,2.8889,4.2222,0,0,0
335,336,stimulus_336,5.8889,6.4444,2,3,1
336,337,stimulus_337,6.7778,7.3333,3,3,1
337,338,stimulus_338,3.6667,6.4444,1,3,1
338,339,stimulus_339,7.2222,4.1111,3,0,0
339,340,stimulus_340,5.1111,5.1111,1,0,0
343,344,stimulus_344,7.5556,4.8889,3,0,0
346,347,stimulus_347,6.5556,6.4444,2,3,1
347,348,stimulus_348,7.8889,4.4444,3,0,0
348,349,stimulus_349,6.3333,6.5556,2,3,1
349,350,stimulus_350,5.4444,4.6667,1,0,0
350,351,stimulus_351,3.6667,4.3333,1,0,0
352,353,stimulus_353,8.1111,7.3333,3,3,1
353,354,stimulus_354,7.8889,4.6667,3,0,0
354,355,stimulus_355,1.3333,6.5556,0,3,1
357,358,stimulus_358,7.2222,6.5556,3,3,1
359,360,stimulus_360,6.4444,5.0,2,0,0
360,361,stimulus_361,5.7778,5.1111,2,0,0
367,368,stimulus_368,5.7778,4.8889,2,0,0
370,371,stimulus_371,3.8889,5.1111,1,0,0
374,375,stimulus_375,5.1111,6.7778,1,3,1
377,378,stimulus_378,5.3333,5.1111,1,0,0
379,380,stimulus_380,6.7778,6.4444,3,3,1
381,382,stimulus_382,3.7778,4.5556,1,0,0
384,385,stimulus_385,4.3333,7.4444,1,3,1
385,386,stimulus_386,6.1111,5.1111,2,0,0
388,389,stimulus_389,2.1111,7.1111,0,3,1
389,390,stimulus_390,5.3333,4.2222,1,0,0
390,391,stimulus_391,7.6667,6.7778,3,3,1
392,393,stimulus_393,2.7778,4.8889,0,0,0
394,395,stimulus_395,3.7778,7.0,1,3,1
396,397,stimulus_397,6.3333,4.2222,2,0,0
397,398,stimulus_398,4.3333,5.0,1,0,0
398,399,stimulus_399,6.6667,4.1111,2,0,0
402,403,stimulus_403,7.5556,4.5556,3,0,0
404,405,stimulus_405,6.7778,5.0,3,0,0
405,406,stimulus_406,1.5556,4.5556,0,0,0
406,407,stimulus_407,6.0,5.0,2,0,0
408,409,stimulus_409,7.0,7.2222,3,3,1
409,410,stimulus_410,6.7778,4.5556,3,0,0
410,411,stimulus_411,7.2222,6.5556,3,3,1
412,413,stimulus_413,6.7778,3.8889,3,0,0
413,414,stimulus_414,2.0,4.6667,0,0,0
414,415,stimulus_415,6.4444,4.8889,2,0,0
416,417,stimulus_417,2.1111,6.7778,0,3,1
417,418,stimulus_418,7.4444,3.8889,3,0,0
418,419,stimulus_419,5.3333,6.8889,1,3,1
420,421,stimulus_421,7.3333,3.1111,3,0,0
421,422,stimulus_422,2.2222,6.6667,0,3,1
425,426,stimulus_426,8.1111,6.8889,3,3,1
428,429,stimulus_429,7.4444,6.4444,3,3,1
429,430,stimulus_430,6.0,6.6667,2,3,1
430,431,stimulus_431,6.7778,6.4444,3,3,1
431,432,stimulus_432,7.0,6.4444,3,3,1
432,433,stimulus_433,6.2222,6.4444,2,3,1
437,438,stimulus_438,6.8889,5.0,3,0,0
439,440,stimulus_440,4.8889,4.8889,1,0,0
440,441,stimulus_441,1.4444,3.1111,0,0,0
441,442,stimulus_442,5.3333,6.5556,1,3,1
444,445,stimulus_445,7.5556,6.5556,3,3,1
447,448,stimulus_448,5.0,6.6667,1,3,1
450,451,stimulus_451,2.2222,6.6667,0,3,1
451,452,stimulus_452,7.1111,7.0,3,3,1
452,453,stimulus_453,4.8889,4.7778,1,0,0
454,455,stimulus_455,4.1111,4.3333,1,0,0
457,458,stimulus_458,8.3333,6.8889,3,3,1
459,460,stimulus_460,2.7778,6.5556,0,3,1
460,461,stimulus_461,1.6667,6.4444,0,3,1
463,464,stimulus_464,1.6667,5.1111,0,0,0
464,465,stimulus_465,7.4444,8.0,3,3,1
468,469,stimulus_469,6.6667,7.0,2,3,1
473,474,stimulus_474,1.2222,6.6667,0,3,1
475,476,stimulus_476,6.4444,7.1111,2,3,1
477,478,stimulus_478,6.3333,7.2222,2,3,1
479,480,stimulus_480,8.6667,7.0,3,3,1
486,487,stimulus_487,6.6667,6.5556,2,3,1
487,488,stimulus_488,5.1111,5.0,1,0,0
488,489,stimulus_489,2.0,6.8889,0,3,1
491,492,stimulus_492,3.0,4.7778,0,0,0
494,495,stimulus_495,3.1111,4.5556,0,0,0
499,500,stimulus_500,4.0,6.7778,1,3,1
500,501,stimulus_501,7.1111,7.0,3,3,1
502,503,stimulus_503,6.5556,6.4444,2,3,1
503,504,stimulus_504,3.8889,6.4444,1,3,1
505,506,stimulus_506,6.3333,6.4444,2,3,1
507,508,stimulus_508,4.5556,5.0,1,0,0
509,510,stimulus_510,3.6667,5.0,1,0,0
510,511,stimulus_511,6.7778,6.6667,3,3,1
511,512,stimulus_512,1.7778,4.6667,0,0,0
512,513,stimulus_513,2.6667,5.0,0,0,0
513,514,stimulus_514,1.6667,5.1111,0,0,0
515,516,stimulus_516,6.7778,7.0,3,3,1
516,517,stimulus_517,4.0,7.0,1,3,1
517,518,stimulus_518,7.2222,5.0,3,0,0
518,519,stimulus_519,8.1111,4.5556,3,0,0
521,522,stimulus_522,2.2222,6.4444,0,3,1
522,523,stimulus_523,4.2222,4.2222,1,0,0
523,524,stimulus_524,1.3333,6.8889,0,3,1
526,527,stimulus_527,6.5556,4.8889,2,0,0
527,528,stimulus_528,6.7778,4.2222,3,0,0
528,529,stimulus_529,1.2222,5.1111,0,0,0
531,532,stimulus_532,2.1111,5.0,0,0,0
532,533,stimulus_533,5.5556,6.7778,1,3,1
533,534,stimulus_534,8.0,6.5556,3,3,1
535,536,stimulus_536,2.7778,6.6667,0,3,1
538,539,stimulus_539,7.8889,7.7778,3,3,1
539,540,stimulus_540,7.4444,6.8889,3,3,1
541,542,stimulus_542,6.3333,5.1111,2,0,0
545,546,stimulus_546,6.6667,7.0,2,3,1
549,550,stimulus_550,6.1111,7.8889,2,3,1
550,551,stimulus_551,1.4444,3.6667,0,0,0
551,552,stimulus_552,4.1111,4.5556,1,0,0
553,554,stimulus_554,2.3333,5.1111,0,0,0
554,555,stimulus_555,6.7778,6.6667,3,3,1
555,556,stimulus_556,5.4444,5.1111,1,0,0
557,558,stimulus_558,3.1111,6.4444,0,3,1
562,563,stimulus_563,3.5556,5.1111,0,0,0
563,564,stimulus_564,2.6667,4.3333,0,0,0
566,567,stimulus_567,6.1111,6.7778,2,3,1
567,568,stimulus_568,3.7778,6.7778,1,3,1
568,569,stimulus_569,5.5556,4.8889,1,0,0
569,570,stimulus_570,7.4444,6.7778,3,3,1
573,574,stimulus_574,8.3333,7.1111,3,3,1
575,576,stimulus_576,7.6667,6.7778,3,3,1
576,577,stimulus_577,7.4444,4.4444,3,0,0
580,581,stimulus_581,5.7778,4.7778,2,0,0
581,582,stimulus_582,4.6667,5.0,1,0,0
583,584,stimulus_584,7.5556,4.6667,3,0,0
585,586,stimulus_586,5.4444,4.8889,1,0,0
588,589,stimulus_589,4.0,6.8889,1,3,1
589,590,stimulus_590,7.2222,4.2222,3,0,0
594,595,stimulus_595,1.8889,6.8889,0,3,1
595,596,stimulus_596,2.2222,3.4444,0,0,0
596,597,stimulus_597,8.6667,6.6667,3,3,1
597,598,stimulus_598,3.8889,7.3333,1,3,1
598,599,stimulus_599,4.1111,6.5556,1,3,1
599,600,stimulus_600,3.7778,5.1111,1,0,0
602,603,stimulus_603,3.6667,7.1111,1,3,1
603,604,stimulus_604,2.5556,7.0,0,3,1
605,606,stimulus_606,1.2222,7.0,0,3,1
608,609,stimulus_609,6.7778,6.8889,3,3,1
609,610,stimulus_610,3.7778,4.4444,1,0,0
611,612,stimulus_612,5.7778,6.5556,2,3,1
619,620,stimulus_620,6.5556,5.1111,2,0,0
621,622,stimulus_622,5.7778,5.1111,2,0,0
625,626,stimulus_626,6.3333,6.6667,2,3,1
626,627,stimulus_627,8.3333,6.8889,3,3,1
627,628,stimulus_628,7.2222,4.2222,3,0,0
629,630,stimulus_630,7.5556,6.4444,3,3,1
635,636,stimulus_636,6.4444,4.5556,2,0,0
640,641,stimulus_641,7.2222,6.6667,3,3,1
641,642,stimulus_642,6.4444,7.1111,2,3,1
643,644,stimulus_644,1.2222,5.1111,0,0,0
644,645,stimulus_645,7.6667,6.7778,3,3,1
645,646,stimulus_646,1.1111,6.5556,0,3,1
646,647,stimulus_647,1.2222,7.1111,0,3,1
647,648,stimulus_648,5.6667,8.0,2,3,1
648,649,stimulus_649,6.0,6.5556,2,3,1
651,652,stimulus_652,2.2222,4.7778,0,0,0
654,655,stimulus_655,5.6667,7.6667,2,3,1
657,658,stimulus_658,4.1111,5.0,1,0,0
661,662,stimulus_662,6.7778,6.5556,3,3,1
664,665,stimulus_665,4.5556,5.1111,1,0,0
666,667,stimulus_667,1.4444,4.8889,0,0,0
667,668,stimulus_668,3.5556,5.1111,0,0,0
670,671,stimulus_671,6.6667,4.8889,2,0,0
672,673,stimulus_673,2.6667,5.0,0,0,0
673,674,stimulus_674,1.5556,6.7778,0,3,1
674,675,stimulus_675,6.6667,6.7778,2,3,1
675,676,stimulus_676,7.3333,7.4444,3,3,1
678,679,stimulus_679,4.0,4.5556,1,0,0
685,686,stimulus_686,5.0,6.5556,1,3,1
687,688,stimulus_688,7.6667,6.5556,3,3,1
689,690,stimulus_690,2.7778,6.7778,0,3,1
690,691,stimulus_691,6.3333,4.6667,2,0,0
691,692,stimulus_692,3.7778,4.1111,1,0,0
692,693,stimulus_693,3.5556,4.0,0,0,0
693,694,stimulus_694,3.7778,4.7778,1,0,0
694,695,stimulus_695,3.8889,3.5556,1,0,0
695,696,stimulus_696,4.4444,4.4444,1,0,0
696,697,stimulus_697,4.7778,5.1111,1,0,0
697,698,stimulus_698,3.5556,6.7778,0,3,1
699,700,stimulus_700,3.6667,5.0,1,0,0
700,701,stimulus_701,6.0,7.8889,2,3,1
702,703,stimulus_703,4.0,4.1111,1,0,0
703,704,stimulus_704,5.7778,4.0,2,0,0
705,706,stimulus_706,2.3333,6.5556,0,3,1
706,707,stimulus_707,2.7778,3.7778,0,0,0
708,709,stimulus_709,6.5556,7.5556,2,3,1
709,710,stimulus_710,5.7778,3.2222,2,0,0
711,712,stimulus_712,6.7778,6.7778,3,3,1
712,713,stimulus_713,1.7778,4.0,0,0,0
714,715,stimulus_715,7.1111,4.8889,3,0,0
715,716,stimulus_716,4.8889,4.7778,1,0,0
717,718,stimulus_718,5.8889,3.0,2,0,0
718,719,stimulus_719,3.3333,7.0,0,3,1
722,723,stimulus_723,4.2222,5.1111,1,0,0
725,726,stimulus_726,5.3333,4.0,1,0,0
727,728,stimulus_728,5.6667,4.4444,2,0,0
728,729,stimulus_729,4.5556,4.2222,1,0,0
731,732,stimulus_732,6.2222,6.6667,2,3,1
734,735,stimulus_735,5.5556,5.0,1,0,0
739,740,stimulus_740,5.2222,4.2222,1,0,0
742,743,stimulus_743,7.1111,5.0,3,0,0
744,745,stimulus_745,6.8889,7.0,3,3,1
746,747,stimulus_747,4.7778,5.1111,1,0,0
747,748,stimulus_748,4.0,4.8889,1,0,0
748,749,stimulus_749,8.0,8.4444,3,3,1
749,750,stimulus_750,1.0,7.2222,0,3,1
751,752,stimulus_752,5.5556,4.1111,1,0,0
752,753,stimulus_753,8.1111,8.1111,3,3,1
757,758,stimulus_758,3.7778,3.6667,1,0,0
762,763,stimulus_763,5.7778,4.0,2,0,0
763,764,stimulus_764,4.1111,6.5556,1,3,1
771,772,stimulus_772,7.6667,7.3333,3,3,1
773,774,stimulus_774,5.6667,6.5556,2,3,1
775,776,stimulus_776,1.8889,6.5556,0,3,1
776,777,stimulus_777,1.1111,6.8889,0,3,1
778,779,stimulus_779,7.0,4.1111,3,0,0
780,781,stimulus_781,1.6667,4.5556,0,0,0
781,782,stimulus_782,4.0,6.8889,1,3,1
784,785,stimulus_785,6.3333,7.2222,2,3,1
785,786,stimulus_786,7.6667,5.0,3,0,0
787,788,stimulus_788,7.7778,6.4444,3,3,1
789,790,stimulus_790,1.2222,6.5556,0,3,1
790,791,stimulus_791,4.1111,4.8889,1,0,0
792,793,stimulus_793,3.7778,5.1111,1,0,0
795,796,stimulus_796,6.3333,6.5556,2,3,1
797,798,stimulus_798,7.8889,7.4444,3,3,1
802,803,stimulus_803,3.3333,4.1111,0,0,0
803,804,stimulus_804,2.1111,4.2222,0,0,0
805,806,stimulus_806,4.8889,4.7778,1,0,0
807,808,stimulus_808,3.1111,7.0,0,3,1
808,809,stimulus_809,3.1111,4.5556,0,0,0
809,810,stimulus_810,4.5556,5.1111,1,0,0
814,815,stimulus_815,5.3333,3.5556,1,0,0
816,817,stimulus_817,6.1111,6.4444,2,3,1
817,818,stimulus_818,5.0,5.0,1,0,0
818,819,stimulus_819,5.3333,7.0,1,3,1
819,820,stimulus_820,8.4444,7.2222,3,3,1
820,821,stimulus_821,2.5556,4.2222,0,0,0
821,822,stimulus_822,5.7778,6.5556,2,3,1
824,825,stimulus_825,6.3333,6.4444,2,3,1
825,826,stimulus_826,1.7778,3.8889,0,0,0
827,828,stimulus_828,7.5556,6.8889,3,3,1
831,832,stimulus_832,6.7778,7.2222,3,3,1
832,833,stimulus_833,5.8889,6.4444,2,3,1
835,836,stimulus_836,1.1111,4.3333,0,0,0
837,838,stimulus_838,7.3333,6.4444,3,3,1
839,840,stimulus_840,6.8889,6.8889,3,3,1
840,841,stimulus_841,2.1111,4.8889,0,0,0
841,842,stimulus_842,7.2222,7.4444,3,3,1
844,845,stimulus_845,3.3333,7.1111,0,3,1
848,849,stimulus_849,2.5556,3.7778,0,0,0
849,850,stimulus_850,2.8889,3.2222,0,0,0
851,852,stimulus_852,6.4444,7.5556,2,3,1
856,857,stimulus_857,2.2222,4.5556,0,0,0
859,860,stimulus_860,3.6667,5.0,1,0,0
862,863,stimulus_863,3.1111,4.7778,0,0,0
863,864,stimulus_864,5.8889,4.7778,2,0,0
865,866,stimulus_866,1.0,7.1111,0,3,1
866,867,stimulus_867,5.3333,3.7778,1,0,0
868,869,stimulus_869,2.1111,7.3333,0,3,1
869,870,stimulus_870,5.7778,4.6667,2,0,0
870,871,stimulus_871,4.6667,7.1111,1,3,1
871,872,stimulus_872,4.3333,4.4444,1,0,0
872,873,stimulus_873,5.2222,4.1111,1,0,0
874,875,stimulus_875,6.3333,6.5556,2,3,1
875,876,stimulus_876,1.6667,3.1111,0,0,0
876,877,stimulus_877,1.8889,5.1111,0,0,0
879,880,stimulus_880,6.7778,5.0,3,0,0
886,887,stimulus_887,1.6667,6.7778,0,3,1
887,888,stimulus_888,2.8889,5.1111,0,0,0
889,890,stimulus_890,3.6667,7.2222,1,3,1
890,891,stimulus_891,5.8889,3.8889,2,0,0
896,897,stimulus_897,7.6667,6.5556,3,3,1
898,899,stimulus_899,7.0,7.2222,3,3,1
899,900,stimulus_900,5.3333,7.8889,1,3,1
901,902,stimulus_902,6.6667,5.0,2,0,0
903,904,stimulus_904,6.7778,4.1111,3,0,0
908,909,stimulus_909,3.0,4.8889,0,0,0
909,910,stimulus_910,5.0,4.5556,1,0,0
910,911,stimulus_911,2.3333,4.1111,0,0,0
911,912,stimulus_912,6.5556,4.7778,2,0,0
914,915,stimulus_915,8.0,6.5556,3,3,1
915,916,stimulus_916,6.7778,6.8889,3,3,1
916,917,stimulus_917,5.3333,4.6667,1,0,0
918,919,stimulus_919,7.2222,6.5556,3,3,1
919,920,stimulus_920,6.8889,6.7778,3,3,1
920,921,stimulus_921,7.7778,7.6667,3,3,1
922,923,stimulus_923,8.7778,7.1111,3,3,1
923,924,stimulus_924,4.6667,3.7778,1,0,0
925,926,stimulus_926,2.2222,4.8889,0,0,0
927,928,stimulus_928,6.1111,5.0,2,0,0
929,930,stimulus_930,5.8889,6.8889,2,3,1
931,932,stimulus_932,8.1111,6.8889,3,3,1
932,933,stimulus_933,5.8889,7.0,2,3,1
934,935,stimulus_935,2.1111,7.6667,0,3,1
938,939,stimulus_939,3.6667,3.7778,1,0,0
940,941,stimulus_941,5.3333,6.7778,1,3,1
941,942,stimulus_942,6.0,7.0,2,3,1
942,943,stimulus_943,7.5556,5.0,3,0,0
943,944,stimulus_944,7.0,6.6667,3,3,1
945,946,stimulus_946,6.0,6.5556,2,3,1
946,947,stimulus_947,4.6667,6.4444,1,3,1
948,949,stimulus_949,5.3333,7.4444,1,3,1
952,953,stimulus_953,5.6667,5.0,2,0,0
954,955,stimulus_955,3.0,5.0,0,0,0
955,956,stimulus_956,2.7778,3.3333,0,0,0
960,961,stimulus_961,7.6667,6.7778,3,3,1
961,962,stimulus_962,3.2222,7.1111,0,3,1
962,963,stimulus_963,7.7778,6.6667,3,3,1
963,964,stimulus_964,7.0,6.6667,3,3,1
964,965,stimulus_965,1.7778,6.4444,0,3,1
967,968,stimulus_968,2.5556,4.7778,0,0,0
969,970,stimulus_970,6.0,6.5556,2,3,1
970,971,stimulus_971,1.6667,6.8889,0,3,1
971,972,stimulus_972,8.1111,6.5556,3,3,1
972,973,stimulus_973,2.8889,6.7778,0,3,1
973,974,stimulus_974,6.6667,6.6667,2,3,1
974,975,stimulus_975,3.2222,5.1111,0,0,0
975,976,stimulus_976,3.8889,6.4444,1,3,1
979,980,stimulus_980,6.8889,6.6667,3,3,1
981,982,stimulus_982,7.1111,7.0,3,3,1
984,985,stimulus_985,4.7778,7.0,1,3,1
985,986,stimulus_986,4.1111,7.2222,1,3,1
988,989,stimulus_989,3.2222,4.0,0,0,0
990,991,stimulus_991,1.0,3.6667,0,0,0
991,992,stimulus_992,8.2222,7.2222,3,3,1
994,995,stimulus_995,6.0,5.0,2,0,0
995,996,stimulus_996,7.6667,7.1111,3,3,1
996,997,stimulus_997,8.3333,8.6667,3,3,1
997,998,stimulus_998,6.1111,4.8889,2,0,0
998,999,stimulus_999,2.7778,2.8889,0,0,0
1002,1003,stimulus_1003,5.8889,4.0,2,0,0
1003,1004,stimulus_1004,1.5556,4.5556,0,0,0
1006,1007,stimulus_1007,7.7778,6.5556,3,3,1
1007,1008,stimulus_1008,7.2222,8.5556,3,3,1
1009,1010,stimulus_1010,3.7778,5.1111,1,0,0
1013,1014,stimulus_1014,2.0,7.0,0,3,1
1015,1016,stimulus_1016,8.0,3.5556,3,0,0
1017,1018,stimulus_1018,6.7778,4.4444,3,0,0
1019,1020,stimulus_1020,5.2222,6.4444,1,3,1
1021,1022,stimulus_1022,6.5556,4.3333,2,0,0
1023,1024,stimulus_1024,4.7778,4.5556,1,0,0
1037,1038,stimulus_1038,7.3333,7.8889,3,3,1
1038,1039,stimulus_1039,6.5556,6.5556,2,3,1
1039,1040,stimulus_1040,6.2222,6.7778,2,3,1
1041,1042,stimulus_1042,2.3333,6.6667,0,3,1
1042,1043,stimulus_1043,7.5556,6.7778,3,3,1
1043,1044,stimulus_1044,2.5556,4.8889,0,0,0
1046,1047,stimulus_1047,7.6667,6.4444,3,3,1
1047,1048,stimulus_1048,8.1111,6.5556,3,3,1
1048,1049,stimulus_1049,6.5556,5.0,2,0,0
1050,1051,stimulus_1051,6.8889,7.1111,3,3,1
1053,1054,stimulus_1054,6.2222,6.8889,2,3,1
1055,1056,stimulus_1056,7.1111,6.6667,3,3,1
1063,1064,stimulus_1064,4.8889,4.3333,1,0,0
1064,1065,stimulus_1065,4.3333,6.5556,1,3,1
1068,1069,stimulus_1069,6.2222,6.4444,2,3,1
1069,1070,stimulus_1070,4.6667,5.1111,1,0,0
1070,1071,stimulus_1071,8.7778,4.8889,3,0,0
1071,1072,stimulus_1072,4.6667,6.7778,1,3,1
1072,1073,stimulus_1073,4.3333,7.1111,1,3,1
1074,1075,stimulus_1075,5.5556,4.7778,1,0,0
1075,1076,stimulus_1076,4.5556,7.4444,1,3,1
1077,1078,stimulus_1078,5.7778,5.1111,2,0,0
1078,1079,stimulus_1079,1.8889,6.5556,0,3,1
1079,1080,stimulus_1080,7.8889,6.4444,3,3,1
1080,1081,stimulus_1081,5.8889,4.4444,2,0,0
1081,1082,stimulus_1082,6.5556,6.4444,2,3,1
1082,1083,stimulus_1083,7.0,6.6667,3,3,1
1085,1086,stimulus_1086,8.0,7.0,3,3,1
1087,1088,stimulus_1088,5.0,5.1111,1,0,0
1089,1090,stimulus_1090,2.3333,4.2222,0,0,0
1090,1091,stimulus_1091,5.3333,6.4444,1,3,1
1093,1094,stimulus_1094,4.8889,6.6667,1,3,1
1096,1097,stimulus_1097,7.5556,6.6667,3,3,1
1098,1099,stimulus_1099,6.3333,7.1111,2,3,1
1101,1102,stimulus_1102,7.4444,6.8889,3,3,1
1105,1106,stimulus_1106,5.6667,5.1111,2,0,0
1106,1107,stimulus_1107,7.7778,7.4444,3,3,1
1107,1108,stimulus_1108,6.4444,6.6667,2,3,1
1108,1109,stimulus_1109,3.2222,6.7778,0,3,1
1109,1110,stimulus_1110,6.7778,6.6667,3,3,1
1111,1112,stimulus_1112,8.3333,7.0,3,3,1
1113,1114,stimulus_1114,2.7778,6.8889,0,3,1
1114,1115,stimulus_1115,3.0,6.8889,0,3,1
1116,1117,stimulus_1117,2.8889,3.8889,0,0,0
1117,1118,stimulus_1118,2.8889,4.8889,0,0,0
1119,1120,stimulus_1120,6.7778,6.6667,3,3,1
1120,1121,stimulus_1121,6.5556,7.5556,2,3,1
1122,1123,stimulus_1123,1.3333,4.0,0,0,0
1123,1124,stimulus_1124,7.4444,6.7778,3,3,1
1130,1131,stimulus_1131,7.2222,6.6667,3,3,1
1132,1133,stimulus_1133,7.6667,6.8889,3,3,1
1136,1137,stimulus_1137,2.3333,5.1111,0,0,0
1137,1138,stimulus_1138,5.0,5.1111,1,0,0
1140,1141,stimulus_1141,6.1111,6.7778,2,3,1
1142,1143,stimulus_1143,5.4444,6.5556,1,3,1
1143,1144,stimulus_1144,4.1111,7.2222,1,3,1
1144,1145,stimulus_1145,7.0,6.4444,3,3,1
1148,1149,stimulus_1149,3.8889,6.7778,1,3,1
1149,1150,stimulus_1150,4.4444,6.4444,1,3,1
1150,1151,stimulus_1151,7.0,6.6667,3,3,1
1151,1152,stimulus_1152,7.1111,7.3333,3,3,1
1152,1153,stimulus_1153,7.0,6.8889,3,3,1
1156,1157,stimulus_1157,7.8889,4.2222,3,0,0
1158,1159,stimulus_1159,7.7778,6.7778,3,3,1
1159,1160,stimulus_1160,2.3333,7.3333,0,3,1
1160,1161,stimulus_1161,4.6667,4.6667,1,0,0
1162,1163,stimulus_1163,7.3333,7.4444,3,3,1
1163,1164,stimulus_1164,2.5556,4.1111,0,0,0
1164,1165,stimulus_1165,2.3333,6.4444,0,3,1
1166,1167,stimulus_1167,6.5556,6.4444,2,3,1
1167,1168,stimulus_1168,7.7778,7.4444,3,3,1
1169,1170,stimulus_1170,1.4444,4.3333,0,0,0
1170,1171,stimulus_1171,5.5556,5.1111,1,0,0
1171,1172,stimulus_1172,2.8889,6.7778,0,3,1
1172,1173,stimulus_1173,7.7778,7.4444,3,3,1
1174,1175,stimulus_1175,6.7778,7.0,3,3,1
1175,1176,stimulus_1176,3.4444,4.5556,0,0,0
1176,1177,stimulus_1177,2.7778,2.0,0,0,0
1177,1178,stimulus_1178,6.2222,5.1111,2,0,0
1178,1179,stimulus_1179,7.1111,6.8889,3,3,1
1181,1182,stimulus_1182,3.5556,3.4444,0,0,0
1183,1184,stimulus_1184,1.4444,4.7778,0,0,0
1185,1186,stimulus_1186,4.4444,7.6667,1,3,1
1189,1190,stimulus_1190,2.1111,4.8889,0,0,0
1190,1191,stimulus_1191,6.7778,6.4444,3,3,1
1194,1195,stimulus_1195,5.7778,7.2222,2,3,1
1196,1197,stimulus_1197,3.7778,7.3333,1,3,1
1197,1198,stimulus_1198,6.0,7.3333,2,3,1
1200,1201,stimulus_1201,5.4444,5.1111,1,0,0
1204,1205,stimulus_1205,7.2222,6.5556,3,3,1
1207,1208,stimulus_1208,2.6667,4.6667,0,0,0
1208,1209,stimulus_1209,7.4444,4.7778,3,0,0
1210,1211,stimulus_1211,5.7778,4.8889,2,0,0
1211,1212,stimulus_1212,2.7778,6.4444,0,3,1
1212,1213,stimulus_1213,7.3333,6.5556,3,3,1
1213,1214,stimulus_1214,2.8889,7.0,0,3,1
1215,1216,stimulus_1216,7.1111,4.8889,3,0,0
1217,1218,stimulus_1218,6.3333,6.6667,2,3,1
1218,1219,stimulus_1219,3.7778,6.4444,1,3,1
1219,1220,stimulus_1220,5.0,5.0,1,0,0
1222,1223,stimulus_1223,6.0,5.1111,2,0,0
1225,1226,stimulus_1226,2.2222,6.5556,0,3,1
1226,1227,stimulus_1227,3.1111,6.5556,0,3,1
1229,1230,stimulus_1230,6.3333,4.3333,2,0,0
1230,1231,stimulus_1231,3.4444,7.4444,0,3,1
1231,1232,stimulus_1232,8.3333,4.7778,3,0,0
1233,1234,stimulus_1234,3.6667,7.4444,1,3,1
1234,1235,stimulus_1235,3.0,7.4444,0,3,1
1236,1237,stimulus_1237,2.6667,7.3333,0,3,1
1238,1239,stimulus_1239,5.6667,6.4444,2,3,1
1240,1241,stimulus_1241,6.2222,7.1111,2,3,1
1241,1242,stimulus_1242,7.2222,6.4444,3,3,1
1242,1243,stimulus_1243,7.0,7.0,3,3,1
1243,1244,stimulus_1244,4.7778,6.8889,1,3,1
1244,1245,stimulus_1245,7.6667,6.5556,3,3,1
1245,1246,stimulus_1246,8.1111,6.4444,3,3,1
1246,1247,stimulus_1247,6.6667,7.0,2,3,1
1247,1248,stimulus_1248,8.1111,7.8889,3,3,1
1251,1252,stimulus_1252,6.7778,7.1111,3,3,1
1252,1253,stimulus_1253,7.0,6.8889,3,3,1
1253,1254,stimulus_1254,4.0,4.0,1,0,0
1255,1256,stimulus_1256,5.7778,4.7778,2,0,0
1256,1257,stimulus_1257,6.4444,6.6667,2,3,1
1257,1258,stimulus_1258,4.1111,6.6667,1,3,1
1259,1260,stimulus_1260,2.6667,6.7778,0,3,1
1261,1262,stimulus_1262,4.2222,3.7778,1,0,0
1268,1269,stimulus_1269,7.8889,6.4444,3,3,1
1270,1271,stimulus_1271,1.1111,7.2222,0,3,1
1274,1275,stimulus_1275,1.7778,3.7778,0,0,0
1275,1276,stimulus_1276,2.0,6.5556,0,3,1
1280,1281,stimulus_1281,5.1111,6.6667,1,3,1
1284,1285,stimulus_1285,6.6667,7.0,2,3,1
1289,1290,stimulus_1290,8.0,7.2222,3,3,1
1295,1296,stimulus_1296,6.6667,6.6667,2,3,1
1297,1298,stimulus_1298,2.0,4.8889,0,0,0
1299,1300,stimulus_1300,8.0,4.5556,3,0,0
1301,1302,stimulus_1302,3.2222,2.8889,0,0,0
1302,1303,stimulus_1303,1.7778,4.2222,0,0,0
1303,1304,stimulus_1304,3.5556,4.8889,0,0,0
1304,1305,stimulus_1305,4.5556,4.5556,1,0,0
1305,1306,stimulus_1306,5.1111,4.8889,1,0,0
1307,1308,stimulus_1308,6.7778,6.4444,3,3,1
1308,1309,stimulus_1309,2.0,3.5556,0,0,0
1310,1311,stimulus_1311,7.7778,6.4444,3,3,1
1312,1313,stimulus_1313,2.6667,6.8889,0,3,1
1313,1314,stimulus_1314,5.5556,6.6667,1,3,1
1315,1316,stimulus_1316,6.5556,7.0,2,3,1
1317,1318,stimulus_1318,2.7778,7.0,0,3,1
1321,1322,stimulus_1322,5.3333,7.2222,1,3,1
1322,1323,stimulus_1323,2.0,6.7778,0,3,1
1323,1324,stimulus_1324,6.2222,6.8889,2,3,1
1324,1325,stimulus_1325,6.6667,6.8889,2,3,1
1325,1326,stimulus_1326,7.0,7.3333,3,3,1
1333,1334,stimulus_1334,5.4444,4.7778,1,0,0
1334,1335,stimulus_1335,4.5556,5.0,1,0,0
1336,1337,stimulus_1337,7.6667,6.7778,3,3,1
1343,1344,stimulus_1344,6.6667,5.0,2,0,0
1344,1345,stimulus_1345,6.1111,7.2222,2,3,1
1348,1349,stimulus_1349,7.6667,6.6667,3,3,1
1349,1350,stimulus_1350,3.3333,4.4444,0,0,0
1350,1351,stimulus_1351,2.7778,3.7778,0,0,0
1351,1352,stimulus_1352,6.4444,7.0,2,3,1
1354,1355,stimulus_1355,2.5556,2.7778,0,0,0
1356,1357,stimulus_1357,6.8889,5.0,3,0,0
1358,1359,stimulus_1359,4.3333,4.6667,1,0,0
1359,1360,stimulus_1360,7.4444,4.5556,3,0,0
1360,1361,stimulus_1361,3.3333,6.6667,0,3,1
1361,1362,stimulus_1362,1.7778,6.8889,0,3,1
1363,1364,stimulus_1364,4.5556,7.2222,1,3,1
1364,1365,stimulus_1365,6.8889,7.0,3,3,1
1365,1366,stimulus_1366,5.7778,3.6667,2,0,0
1367,1368,stimulus_1368,7.2222,4.5556,3,0,0
1368,1369,stimulus_1369,6.6667,4.3333,2,0,0
1369,1370,stimulus_1370,7.7778,7.0,3,3,1
1370,1371,stimulus_1371,6.3333,5.0,2,0,0
1371,1372,stimulus_1372,6.7778,3.2222,3,0,0
1372,1373,stimulus_1373,2.1111,7.0,0,3,1
1373,1374,stimulus_1374,4.2222,6.5556,1,3,1
1374,1375,stimulus_1375,2.4444,7.5556,0,3,1
1375,1376,stimulus_1376,5.2222,6.5556,1,3,1
1376,1377,stimulus_1377,7.5556,7.6667,3,3,1
1377,1378,stimulus_1378,7.8889,5.0,3,0,0
1378,1379,stimulus_1379,7.7778,4.7778,3,0,0
1384,1385,stimulus_1385,6.2222,7.2222,2,3,1
1386,1387,stimulus_1387,7.0,6.6667,3,3,1
1393,1394,stimulus_1394,7.2222,7.5556,3,3,1
1395,1396,stimulus_1396,6.3333,5.0,2,0,0
1396,1397,stimulus_1397,4.5556,4.8889,1,0,0
1398,1399,stimulus_1399,6.7778,6.7778,3,3,1
1399,1400,stimulus_1400,6.0,6.6667,2,3,1
1402,1403,stimulus_1403,3.4444,4.4444,0,0,0
1403,1404,stimulus_1404,4.4444,3.7778,1,0,0
1405,1406,stimulus_1406,1.3333,6.5556,0,3,1
1406,1407,stimulus_1407,7.3333,4.6667,3,0,0
1407,1408,stimulus_1408,7.5556,5.1111,3,0,0
1408,1409,stimulus_1409,7.2222,5.1111,3,0,0
1409,1410,stimulus_1410,7.5556,6.4444,3,3,1
1416,1417,stimulus_1417,8.0,5.0,3,0,0
1417,1418,stimulus_1418,8.2222,4.5556,3,0,0
1419,1420,stimulus_1420,5.3333,5.1111,1,0,0
1421,1422,stimulus_1422,3.2222,6.6667,0,3,1
1422,1423,stimulus_1423,1.1111,5.0,0,0,0
1424,1425,stimulus_1425,2.8889,3.7778,0,0,0
1425,1426,stimulus_1426,6.5556,6.4444,2,3,1
1426,1427,stimulus_1427,7.3333,4.6667,3,0,0
1429,1430,stimulus_1430,5.8889,7.0,2,3,1
1430,1431,stimulus_1431,6.1111,6.8889,2,3,1
1431,1432,stimulus_1432,6.6667,6.6667,2,3,1
1435,1436,stimulus_1436,7.0,6.5556,3,3,1
1437,1438,stimulus_1438,5.5556,6.4444,1,3,1
1438,1439,stimulus_1439,7.7778,7.3333,3,3,1
1439,1440,stimulus_1440,5.0,6.4444,1,3,1
1441,1442,stimulus_1442,1.8889,6.6667,0,3,1
1443,1444,stimulus_1444,7.6667,5.1111,3,0,0
1444,1445,stimulus_1445,6.7778,6.6667,3,3,1
1446,1447,stimulus_1447,6.7778,6.7778,3,3,1
1453,1454,stimulus_1454,5.2222,6.5556,1,3,1
1456,1457,stimulus_1457,3.2222,5.0,0,0,0
1460,1461,stimulus_1461,4.6667,6.5556,1,3,1
1462,1463,stimulus_1463,7.1111,6.4444,3,3,1
1465,1466,stimulus_1466,3.1111,4.7778,0,0,0
1466,1467,stimulus_1467,4.7778,3.8889,1,0,0
1467,1468,stimulus_1468,5.5556,4.5556,1,0,0
1469,1470,stimulus_1470,4.7778,4.1111,1,0,0
1470,1471,stimulus_1471,2.1111,4.8889,0,0,0
1472,1473,stimulus_1473,3.0,5.0,0,0,0
1473,1474,stimulus_1474,5.2222,5.1111,1,0,0
1474,1475,stimulus_1475,1.6667,4.6667,0,0,0
1476,1477,stimulus_1477,6.1111,6.5556,2,3,1
1478,1479,stimulus_1479,5.1111,4.8889,1,0,0
1481,1482,stimulus_1482,6.4444,7.3333,2,3,1
1482,1483,stimulus_1483,7.1111,5.1111,3,0,0
1483,1484,stimulus_1484,4.6667,5.1111,1,0,0
1486,1487,stimulus_1487,2.0,6.7778,0,3,1
1487,1488,stimulus_1488,6.7778,4.4444,3,0,0
1488,1489,stimulus_1489,7.7778,4.6667,3,0,0
1489,1490,stimulus_1490,6.1111,7.1111,2,3,1
1491,1492,stimulus_1492,3.4444,6.8889,0,3,1
1492,1493,stimulus_1493,6.7778,4.7778,3,0,0
1493,1494,stimulus_1494,7.2222,4.7778,3,0,0
1494,1495,stimulus_1495,7.3333,6.4444,3,3,1
1495,1496,stimulus_1496,6.0,7.7778,2,3,1
1500,1501,stimulus_1501,8.1111,7.3333,3,3,1
1501,1502,stimulus_1502,7.2222,7.1111,3,3,1
1502,1503,stimulus_1503,8.0,6.8889,3,3,1
1503,1504,stimulus_1504,5.8889,4.6667,2,0,0
1505,1506,stimulus_1506,6.6667,4.5556,2,0,0
1506,1507,stimulus_1507,3.2222,4.7778,0,0,0
1507,1508,stimulus_1508,7.2222,4.7778,3,0,0
1510,1511,stimulus_1511,2.4444,6.8889,0,3,1
1514,1515,stimulus_1515,6.1111,6.8889,2,3,1
1515,1516,stimulus_1516,7.0,6.5556,3,3,1
1516,1517,stimulus_1517,4.5556,6.8889,1,3,1
1518,1519,stimulus_1519,2.5556,4.7778,0,0,0
1524,1525,stimulus_1525,5.8889,5.1111,2,0,0
1526,1527,stimulus_1527,6.2222,7.3333,2,3,1
1527,1528,stimulus_1528,4.7778,5.0,1,0,0
1531,1532,stimulus_1532,2.5556,3.3333,0,0,0
1534,1535,stimulus_1535,6.3333,6.5556,2,3,1
1535,1536,stimulus_1536,6.3333,7.0,2,3,1
1536,1537,stimulus_1537,6.3333,7.2222,2,3,1
1537,1538,stimulus_1538,6.4444,6.4444,2,3,1
1538,1539,stimulus_1539,7.6667,7.6667,3,3,1
1540,1541,stimulus_1541,1.4444,4.5556,0,0,0
1542,1543,stimulus_1543,4.8889,6.6667,1,3,1
1545,1546,stimulus_1546,6.0,6.7778,2,3,1
1550,1551,stimulus_1551,6.5556,7.0,2,3,1
1551,1552,stimulus_1552,4.3333,6.4444,1,3,1
1552,1553,stimulus_1553,5.3333,6.6667,1,3,1
1553,1554,stimulus_1554,5.5556,6.5556,1,3,1
1554,1555,stimulus_1555,6.5556,4.8889,2,0,0
1556,1557,stimulus_1557,6.4444,7.1111,2,3,1
1559,1560,stimulus_1560,5.7778,7.0,2,3,1
1560,1561,stimulus_1561,4.0,4.6667,1,0,0
1561,1562,stimulus_1562,1.0,6.4444,0,3,1
1563,1564,stimulus_1564,7.3333,6.5556,3,3,1
1564,1565,stimulus_1565,2.6667,4.1111,0,0,0
1567,1568,stimulus_1568,6.8889,6.4444,3,3,1
1568,1569,stimulus_1569,8.5556,6.6667,3,3,1
1569,1570,stimulus_1570,6.7778,7.4444,3,3,1
1570,1571,stimulus_1571,6.8889,6.8889,3,3,1
1572,1573,stimulus_1573,6.3333,6.5556,2,3,1
1573,1574,stimulus_1574,5.1111,4.7778,1,0,0
1574,1575,stimulus_1575,4.4444,6.4444,1,3,1
1575,1576,stimulus_1576,3.3333,7.1111,0,3,1
1576,1577,stimulus_1577,5.8889,7.2222,2,3,1
1581,1582,stimulus_1582,6.7778,7.0,3,3,1
1582,1583,stimulus_1583,6.6667,7.3333,2,3,1
1583,1584,stimulus_1584,7.7778,7.3333,3,3,1
1589,1590,stimulus_1590,2.3333,6.5556,0,3,1
1590,1591,stimulus_1591,2.1111,3.3333,0,0,0
1591,1592,stimulus_1592,7.3333,5.1111,3,0,0
1593,1594,stimulus_1594,7.2222,6.4444,3,3,1
1594,1595,stimulus_1595,4.3333,6.4444,1,3,1
1596,1597,stimulus_1597,6.4444,4.7778,2,0,0
1597,1598,stimulus_1598,1.7778,7.0,0,3,1
1598,1599,stimulus_1599,3.6667,6.7778,1,3,1
1603,1604,stimulus_1604,5.7778,4.6667,2,0,0
1607,1608,stimulus_1608,8.0,6.5556,3,3,1
1609,1610,stimulus_1610,6.5556,6.4444,2,3,1
1610,1611,stimulus_1611,3.5556,5.0,0,0,0
1613,1614,stimulus_1614,5.0,3.8889,1,0,0
1617,1618,stimulus_1618,4.6667,4.6667,1,0,0
1619,1620,stimulus_1620,6.7778,4.6667,3,0,0
1620,1621,stimulus_1621,4.6667,4.2222,1,0,0
1622,1623,stimulus_1623,3.7778,4.8889,1,0,0
1629,1630,stimulus_1630,1.8889,5.0,0,0,0
1632,1633,stimulus_1633,6.3333,6.7778,2,3,1
1636,1637,stimulus_1637,6.7778,7.7778,3,3,1
1639,1640,stimulus_1640,7.3333,6.6667,3,3,1
1640,1641,stimulus_1641,5.6667,6.6667,2,3,1
1641,1642,stimulus_1642,5.4444,6.7778,1,3,1
1642,1643,stimulus_1643,7.0,7.3333,3,3,1
1643,1644,stimulus_1644,4.5556,6.7778,1,3,1
1644,1645,stimulus_1645,6.5556,7.2222,2,3,1
1645,1646,stimulus_1646,4.8889,4.2222,1,0,0
1646,1647,stimulus_1647,6.3333,4.3333,2,0,0
1648,1649,stimulus_1649,5.2222,6.7778,1,3,1
1649,1650,stimulus_1650,2.2222,7.3333,0,3,1
1650,1651,stimulus_1651,6.8889,4.3333,3,0,0
1651,1652,stimulus_1652,3.6667,6.8889,1,3,1
1664,1665,stimulus_1665,4.7778,4.7778,1,0,0
1667,1668,stimulus_1668,5.8889,7.6667,2,3,1
1668,1669,stimulus_1669,5.0,6.6667,1,3,1
1670,1671,stimulus_1671,6.8889,6.7778,3,3,1
1671,1672,stimulus_1672,5.2222,4.7778,1,0,0
1673,1674,stimulus_1674,5.4444,4.4444,1,0,0
1674,1675,stimulus_1675,2.7778,3.8889,0,0,0
1675,1676,stimulus_1676,6.6667,6.4444,2,3,1
1676,1677,stimulus_1677,8.1111,6.5556,3,3,1
1677,1678,stimulus_1678,7.7778,6.4444,3,3,1
1678,1679,stimulus_1679,3.8889,7.0,1,3,1
1680,1681,stimulus_1681,6.0,4.7778,2,0,0
1682,1683,stimulus_1683,6.1111,4.4444,2,0,0
1687,1688,stimulus_1688,5.2222,7.3333,1,3,1
1690,1691,stimulus_1691,2.3333,4.7778,0,0,0
1691,1692,stimulus_1692,6.2222,4.6667,2,0,0
1692,1693,stimulus_1693,6.8889,6.6667,3,3,1
1693,1694,stimulus_1694,5.6667,6.8889,2,3,1
1696,1697,stimulus_1697,7.0,6.6667,3,3,1
1699,1700,stimulus_1700,4.7778,5.0,1,0,0
1701,1702,stimulus_1702,6.0,6.7778,2,3,1
1703,1704,stimulus_1704,4.8889,4.0,1,0,0
1704,1705,stimulus_1705,1.8889,5.1111,0,0,0
1706,1707,stimulus_1707,6.3333,8.1111,2,3,1
1709,1710,stimulus_1710,6.4444,6.8889,2,3,1
1711,1712,stimulus_1712,8.1111,6.4444,3,3,1
1712,1713,stimulus_1713,4.6667,4.6667,1,0,0
1713,1714,stimulus_1714,7.1111,7.1111,3,3,1
1715,1716,stimulus_1716,8.5556,5.1111,3,0,0
1716,1717,stimulus_1717,7.6667,7.5556,3,3,1
1717,1718,stimulus_1718,7.0,7.6667,3,3,1
1718,1719,stimulus_1719,4.7778,4.0,1,0,0
1719,1720,stimulus_1720,4.7778,6.6667,1,3,1
1720,1721,stimulus_1721,7.4444,6.6667,3,3,1
1723,1724,stimulus_1724,4.8889,4.5556,1,0,0
1725,1726,stimulus_1726,2.3333,6.4444,0,3,1
1727,1728,stimulus_1728,5.4444,7.1111,1,3,1
1728,1729,stimulus_1729,5.3333,3.7778,1,0,0
1730,1731,stimulus_1731,4.2222,4.8889,1,0,0
1731,1732,stimulus_1732,3.4444,6.6667,0,3,1
1733,1734,stimulus_1734,4.2222,6.7778,1,3,1
1736,1737,stimulus_1737,4.8889,6.7778,1,3,1
1741,1742,stimulus_1742,4.0,6.8889,1,3,1
1742,1743,stimulus_1743,6.2222,6.4444,2,3,1
1747,1748,stimulus_1748,6.5556,4.4444,2,0,0
1752,1753,stimulus_1753,6.8889,7.3333,3,3,1
1753,1754,stimulus_1754,7.7778,7.3333,3,3,1
1755,1756,stimulus_1756,7.6667,6.4444,3,3,1
1756,1757,stimulus_1757,3.7778,6.4444,1,3,1
1757,1758,stimulus_1758,7.1111,7.1111,3,3,1
1758,1759,stimulus_1759,3.7778,6.4444,1,3,1
1759,1760,stimulus_1760,5.8889,4.1111,2,0,0
1761,1762,stimulus_1762,5.7778,6.5556,2,3,1
1762,1763,stimulus_1763,6.5556,7.0,2,3,1
1763,1764,stimulus_1764,6.0,7.0,2,3,1
1765,1766,stimulus_1766,3.8889,4.1111,1,0,0
1767,1768,stimulus_1768,3.2222,5.0,0,0,0
1768,1769,stimulus_1769,6.7778,6.7778,3,3,1
1769,1770,stimulus_1770,4.6667,4.6667,1,0,0
1770,1771,stimulus_1771,3.1111,4.6667,0,0,0
1772,1773,stimulus_1773,7.2222,5.1111,3,0,0
1776,1777,stimulus_1777,6.8889,7.1111,3,3,1
1777,1778,stimulus_1778,7.3333,6.5556,3,3,1
1779,1780,stimulus_1780,3.8889,6.8889,1,3,1
1782,1783,stimulus_1783,7.3333,6.7778,3,3,1
1783,1784,stimulus_1784,4.6667,3.7778,1,0,0
1788,1789,stimulus_1789,7.5556,6.4444,3,3,1
1789,1790,stimulus_1790,2.5556,3.4444,0,0,0
1791,1792,stimulus_1792,2.0,4.5556,0,0,0
1792,1793,stimulus_1793,3.0,4.6667,0,0,0
1794,1795,stimulus_1795,2.8889,6.5556,0,3,1
1795,1796,stimulus_1796,5.5556,6.7778,1,3,1
1798,1799,stimulus_1799,5.2222,7.0,1,3,1
1799,1800,stimulus_1800,6.6667,6.6667,2,3,1
1803,1804,stimulus_1804,7.4444,5.1111,3,0,0
1804,1805,stimulus_1805,6.8889,6.4444,3,3,1
1805,1806,stimulus_1806,7.5556,5.1111,3,0,0
1806,1807,stimulus_1807,7.5556,7.3333,3,3,1
1807,1808,stimulus_1808,7.1111,4.8889,3,0,0
1808,1809,stimulus_1809,5.0,7.0,1,3,1
1809,1810,stimulus_1810,7.8889,5.1111,3,0,0
1814,1815,stimulus_1815,6.8889,4.7778,3,0,0
1816,1817,stimulus_1817,6.2222,4.8889,2,0,0
1818,1819,stimulus_1819,1.8889,6.5556,0,3,1
1819,1820,stimulus_1820,7.4444,4.8889,3,0,0
1821,1822,stimulus_1822,2.7778,4.2222,0,0,0
1824,1825,stimulus_1825,7.6667,3.6667,3,0,0
1825,1826,stimulus_1826,7.8889,7.6667,3,3,1
1826,1827,stimulus_1827,5.2222,7.0,1,3,1
1829,1830,stimulus_1830,2.0,6.4444,0,3,1
1830,1831,stimulus_1831,4.0,5.1111,1,0,0
1831,1832,stimulus_1832,2.6667,6.5556,0,3,1
1832,1833,stimulus_1833,7.1111,7.3333,3,3,1
1833,1834,stimulus_1834,7.1111,6.7778,3,3,1
1834,1835,stimulus_1835,6.2222,5.0,2,0,0
1835,1836,stimulus_1836,7.7778,6.6667,3,3,1
1837,1838,stimulus_1838,4.8889,6.4444,1,3,1
1838,1839,stimulus_1839,7.3333,7.2222,3,3,1
1840,1841,stimulus_1841,6.6667,4.6667,2,0,0
1845,1846,stimulus_1846,6.0,5.0,2,0,0
1847,1848,stimulus_1848,6.6667,5.1111,2,0,0
1848,1849,stimulus_1849,5.8889,6.6667,2,3,1
1849,1850,stimulus_1850,7.0,4.3333,3,0,0
1851,1852,stimulus_1852,8.3333,6.5556,3,3,1
1856,1857,stimulus_1857,5.4444,6.7778,1,3,1
1857,1858,stimulus_1858,3.4444,7.0,0,3,1
1862,1863,stimulus_1863,5.5556,6.7778,1,3,1
1864,1865,stimulus_1865,5.0,6.6667,1,3,1
1867,1868,stimulus_1868,1.5556,6.4444,0,3,1
1869,1870,stimulus_1870,1.7778,6.7778,0,3,1
1871,1872,stimulus_1872,5.7778,7.0,2,3,1
1873,1874,stimulus_1874,5.2222,4.6667,1,0,0
1874,1875,stimulus_1875,4.7778,5.1111,1,0,0
1875,1876,stimulus_1876,6.6667,4.7778,2,0,0
1877,1878,stimulus_1878,4.4444,6.8889,1,3,1
1882,1883,stimulus_1883,4.1111,4.8889,1,0,0
1884,1885,stimulus_1885,1.8889,5.0,0,0,0
1885,1886,stimulus_1886,6.5556,6.4444,2,3,1
1886,1887,stimulus_1887,3.2222,6.8889,0,3,1
1887,1888,stimulus_1888,4.4444,6.5556,1,3,1
1888,1889,stimulus_1889,7.3333,7.1111,3,3,1
1890,1891,stimulus_1891,6.8889,7.0,3,3,1
1891,1892,stimulus_1892,5.3333,7.2222,1,3,1
1892,1893,stimulus_1893,7.3333,6.5556,3,3,1
1893,1894,stimulus_1894,6.2222,7.2222,2,3,1
1894,1895,stimulus_1895,6.6667,7.1111,2,3,1
1897,1898,stimulus_1898,5.8889,4.7778,2,0,0
1898,1899,stimulus_1899,5.8889,7.2222,2,3,1
1902,1903,stimulus_1903,2.0,4.0,0,0,0
1908,1909,stimulus_1909,7.1111,7.5556,3,3,1
1911,1912,stimulus_1912,6.0,6.5556,2,3,1
1913,1914,stimulus_1914,4.1111,6.8889,1,3,1
1914,1915,stimulus_1915,5.7778,6.8889,2,3,1
1916,1917,stimulus_1917,6.2222,6.7778,2,3,1
1917,1918,stimulus_1918,7.0,7.0,3,3,1
1920,1921,stimulus_1921,5.7778,5.1111,2,0,0
1921,1922,stimulus_1922,1.2222,5.1111,0,0,0
1922,1923,stimulus_1923,2.6667,4.4444,0,0,0
1924,1925,stimulus_1925,6.4444,6.5556,2,3,1
1926,1927,stimulus_1927,3.8889,4.3333,1,0,0
1927,1928,stimulus_1928,3.1111,4.1111,0,0,0
1929,1930,stimulus_1930,5.8889,4.1111,2,0,0
1930,1931,stimulus_1931,3.4444,4.2222,0,0,0
1931,1932,stimulus_1932,6.2222,4.2222,2,0,0
1932,1933,stimulus_1933,1.2222,4.4444,0,0,0
1936,1937,stimulus_1937,7.4444,7.2222,3,3,1
1940,1941,stimulus_1941,6.5556,6.5556,2,3,1
1941,1942,stimulus_1942,8.1111,6.4444,3,3,1
1945,1946,stimulus_1946,3.7778,3.5556,1,0,0
1949,1950,stimulus_1950,5.1111,4.0,1,0,0
1950,1951,stimulus_1951,2.8889,4.8889,0,0,0
1951,1952,stimulus_1952,5.2222,3.8889,1,0,0
1953,1954,stimulus_1954,4.8889,4.8889,1,0,0
1955,1956,stimulus_1956,1.8889,3.7778,0,0,0
1956,1957,stimulus_1957,7.5556,7.1111,3,3,1
1957,1958,stimulus_1958,4.3333,5.1111,1,0,0
1959,1960,stimulus_1960,1.8889,6.6667,0,3,1
1960,1961,stimulus_1961,7.5556,6.6667,3,3,1
1961,1962,stimulus_1962,6.5556,4.8889,2,0,0
1963,1964,stimulus_1964,4.0,6.5556,1,3,1
1964,1965,stimulus_1965,7.8889,6.5556,3,3,1
1970,1971,stimulus_1971,6.6667,7.5556,2,3,1
1971,1972,stimulus_1972,4.5556,5.1111,1,0,0
1972,1973,stimulus_1973,3.3333,4.7778,0,0,0
1973,1974,stimulus_1974,6.8889,7.5556,3,3,1
1974,1975,stimulus_1975,7.3333,7.0,3,3,1
1975,1976,stimulus_1976,6.7778,6.4444,3,3,1
1976,1977,stimulus_1977,3.3333,5.0,0,0,0
1979,1980,stimulus_1980,7.3333,7.0,3,3,1
1980,1981,stimulus_1981,7.8889,6.4444,3,3,1
1983,1984,stimulus_1984,5.2222,4.7778,1,0,0
1985,1986,stimulus_1986,6.8889,4.4444,3,0,0
1987,1988,stimulus_1988,6.8889,3.8889,3,0,0
1991,1992,stimulus_1992,7.4444,6.5556,3,3,1
1992,1993,stimulus_1993,7.6667,6.7778,3,3,1
1993,1994,stimulus_1994,5.2222,4.2222,1,0,0
1997,1998,stimulus_1998,6.6667,6.4444,2,3,1
2001,2002,stimulus_2002,6.7778,4.7778,3,0,0
2002,2003,stimulus_2003,4.7778,6.5556,1,3,1
2003,2004,stimulus_2004,1.4444,3.4444,0,0,0
2004,2005,stimulus_2005,5.4444,4.4444,1,0,0
2005,2006,stimulus_2006,3.5556,6.6667,0,3,1
2006,2007,stimulus_2007,6.5556,5.0,2,0,0
2008,2009,stimulus_2009,3.1111,5.1111,0,0,0
2011,2012,stimulus_2012,2.2222,6.4444,0,3,1
2014,2015,stimulus_2015,5.7778,6.4444,2,3,1
2015,2016,stimulus_2016,3.4444,4.0,0,0,0
2016,2017,stimulus_2017,5.8889,6.5556,2,3,1
2017,2018,stimulus_2018,2.4444,3.8889,0,0,0
2018,2019,stimulus_2019,2.6667,4.5556,0,0,0
2019,2020,stimulus_2020,2.0,3.5556,0,0,0
2020,2021,stimulus_2021,5.7778,7.0,2,3,1
2023,2024,stimulus_2024,2.8889,3.5556,0,0,0
2025,2026,stimulus_2026,6.5556,5.1111,2,0,0
2026,2027,stimulus_2027,5.4444,5.0,1,0,0
2028,2029,stimulus_2029,6.2222,6.5556,2,3,1
2029,2030,stimulus_2030,7.1111,7.1111,3,3,1
2032,2033,stimulus_2033,6.3333,7.2222,2,3,1
2033,2034,stimulus_2034,7.5556,7.3333,3,3,1
2034,2035,stimulus_2035,5.8889,6.4444,2,3,1
2035,2036,stimulus_2036,4.4444,5.1111,1,0,0
2036,2037,stimulus_2037,5.8889,6.8889,2,3,1
2039,2040,stimulus_2040,7.3333,6.7778,3,3,1
2044,2045,stimulus_2045,6.4444,6.6667,2,3,1
2045,2046,stimulus_2046,4.6667,6.8889,1,3,1
2046,2047,stimulus_2047,1.8889,6.6667,0,3,1
2047,2048,stimulus_2048,2.8889,5.0,0,0,0
2051,2052,stimulus_2052,4.0,6.6667,1,3,1
2052,2053,stimulus_2053,5.8889,7.1111,2,3,1
2054,2055,stimulus_2055,3.5556,4.7778,0,0,0
2055,2056,stimulus_2056,6.0,5.1111,2,0,0
2061,2062,stimulus_2062,2.2222,4.6667,0,0,0
2062,2063,stimulus_2063,6.7778,6.6667,3,3,1
2063,2064,stimulus_2064,4.8889,4.7778,1,0,0
2064,2065,stimulus_2065,6.5556,7.0,2,3,1
2067,2068,stimulus_2068,3.5556,6.6667,0,3,1
2068,2069,stimulus_2069,2.0,6.7778,0,3,1
2072,2073,stimulus_2073,5.1111,7.1111,1,3,1
2076,2077,stimulus_2077,8.6667,6.5556,3,3,1
2077,2078,stimulus_2078,6.7778,6.7778,3,3,1
2078,2079,stimulus_2079,5.4444,4.5556,1,0,0
2084,2085,stimulus_2085,7.4444,7.5556,3,3,1
2088,2089,stimulus_2089,6.7778,6.8889,3,3,1
2090,2091,stimulus_2091,2.6667,7.1111,0,3,1
2091,2092,stimulus_2092,7.1111,6.7778,3,3,1
2095,2096,stimulus_2096,7.5556,4.5556,3,0,0
2096,2097,stimulus_2097,5.2222,6.6667,1,3,1
2097,2098,stimulus_2098,6.6667,6.6667,2,3,1
2100,2101,stimulus_2101,5.4444,5.1111,1,0,0
2101,2102,stimulus_2102,7.3333,6.5556,3,3,1
2102,2103,stimulus_2103,4.6667,6.8889,1,3,1
2103,2104,stimulus_2104,4.2222,3.7778,1,0,0
2104,2105,stimulus_2105,5.2222,6.7778,1,3,1
2105,2106,stimulus_2106,2.2222,5.1111,0,0,0
2106,2107,stimulus_2107,6.2222,4.8889,2,0,0
2107,2108,stimulus_2108,5.7778,7.4444,2,3,1
2109,2110,stimulus_2110,7.5556,7.3333,3,3,1
2110,2111,stimulus_2111,2.1111,5.1111,0,0,0
2112,2113,stimulus_2113,7.4444,6.5556,3,3,1
2115,2116,stimulus_2116,2.0,5.1111,0,0,0
2118,2119,stimulus_2119,4.8889,4.6667,1,0,0
2119,2120,stimulus_2120,3.0,7.1111,0,3,1
2120,2121,stimulus_2121,2.7778,6.6667,0,3,1
2123,2124,stimulus_2124,2.2222,6.4444,0,3,1
2125,2126,stimulus_2126,3.6667,4.7778,1,0,0
2126,2127,stimulus_2127,5.3333,4.4444,1,0,0
2127,2128,stimulus_2128,5.3333,4.3333,1,0,0
2128,2129,stimulus_2129,5.5556,4.1111,1,0,0
2130,2131,stimulus_2131,7.3333,3.7778,3,0,0
2131,2132,stimulus_2132,5.4444,5.1111,1,0,0
2132,2133,stimulus_2133,4.8889,5.0,1,0,0
2133,2134,stimulus_2134,6.3333,4.8889,2,0,0
2135,2136,stimulus_2136,3.6667,4.1111,1,0,0
2136,2137,stimulus_2137,8.4444,7.2222,3,3,1
2137,2138,stimulus_2138,8.1111,7.2222,3,3,1
2139,2140,stimulus_2140,7.7778,6.7778,3,3,1
2140,2141,stimulus_2141,3.0,4.6667,0,0,0
2141,2142,stimulus_2142,3.2222,5.1111,0,0,0
2142,2143,stimulus_2143,6.7778,6.7778,3,3,1
2154,2155,stimulus_2155,3.6667,4.4444,1,0,0
2157,2158,stimulus_2158,8.2222,6.6667,3,3,1
2158,2159,stimulus_2159,2.4444,5.1111,0,0,0
2159,2160,stimulus_2160,5.1111,5.1111,1,0,0
2160,2161,stimulus_2161,3.0,7.1111,0,3,1
2162,2163,stimulus_2163,7.4444,4.0,3,0,0
2163,2164,stimulus_2164,4.7778,6.4444,1,3,1
2164,2165,stimulus_2165,4.2222,4.6667,1,0,0
2168,2169,stimulus_2169,1.7778,3.8889,0,0,0
2169,2170,stimulus_2170,6.6667,6.5556,2,3,1
2170,2171,stimulus_2171,6.2222,4.8889,2,0,0
2171,2172,stimulus_2172,5.0,3.8889,1,0,0
2173,2174,stimulus_2174,2.4444,4.7778,0,0,0
2176,2177,stimulus_2177,2.0,4.8889,0,0,0
2178,2179,stimulus_2179,7.1111,6.7778,3,3,1
2181,2182,stimulus_2182,7.4444,6.4444,3,3,1
