stim_idx,cluster_id
0,2
1,1
2,0
3,5
4,4
5,2
6,1
7,0
8,1
9,2
10,0
11,5
12,0
13,4
14,2
15,1
16,1
17,1
18,0
19,5
20,1
21,0
22,5
23,4
24,2
25,5
26,0
27,1
28,4
29,0
30,5
31,4
32,1
33,4
34,1
35,1
36,2
37,1
38,2
39,4
40,1
41,0
42,4
43,2
44,1
45,0
46,2
47,0
48,1
49,0
50,0
51,1
52,1
53,0
54,0
55,4
56,0
57,2
58,0
59,2
60,0
61,0
62,0
63,5
64,5
65,4
66,2
67,2
68,2
69,4
70,1
71,2
72,2
73,0
74,1
75,0
76,0
77,0
78,2
79,2
80,4
81,0
82,5
83,2
84,0
85,4
86,4
87,2
88,0
89,2
90,0
91,0
92,0
93,0
94,5
95,2
96,0
97,4
98,2
99,4
100,2
101,1
102,1
103,0
104,0
105,0
106,4
107,1
108,1
109,0
110,2
111,0
112,1
113,2
114,0
115,2
116,2
117,0
118,0
119,0
120,1
121,4
122,4
123,1
124,2
125,0
126,2
127,0
128,0
129,1
130,2
131,4
132,2
133,1
134,1
135,0
136,0
137,1
138,0
139,4
140,1
141,2
142,4
143,1
144,0
145,4
146,0
147,0
148,2
149,0
150,1
151,2
152,4
153,0
154,5
155,2
156,3
157,1
158,0
159,0
160,0
161,0
162,4
163,0
164,5
165,1
166,4
167,2
168,0
169,0
170,0
171,0
172,1
173,1
174,1
175,2
176,1
177,5
178,0
179,5
180,0
181,5
182,0
183,0
184,4
185,5
186,5
187,0
188,5
189,0
190,3
191,0
192,2
193,0
194,2
195,0
196,2
197,0
198,1
199,4
200,2
201,5
202,1
203,0
204,4
205,0
206,1
207,5
208,0
209,1
210,1
211,0
212,4
213,0
214,2
215,2
216,5
217,0
218,0
219,2
220,4
221,2
222,0
223,0
224,1
225,1
226,2
227,2
228,0
229,4
230,2
231,3
232,0
233,1
234,0
235,2
236,1
237,2
238,4
239,4
240,0
241,0
242,5
243,1
244,4
245,4
246,2
247,2
248,2
249,1
250,0
251,2
252,1
253,0
254,0
255,0
256,1
257,0
258,1
259,1
260,2
261,1
262,2
263,0
264,4
265,4
266,0
267,2
268,1
269,2
270,1
271,2
272,2
273,5
274,4
275,0
276,1
277,1
278,4
279,2
280,4
281,0
282,4
283,1
284,2
285,1
286,0
287,2
288,2
289,5
290,0
291,1
292,1
293,4
294,4
295,1
296,0
297,0
298,0
299,1
300,2
301,4
302,2
303,5
304,1
305,1
306,0
307,1
308,2
309,0
310,4
311,1
312,2
313,2
314,0
315,2
316,4
317,2
318,1
319,2
320,1
321,0
322,0
323,1
324,2
325,1
326,1
327,1
328,2
329,1
330,1
331,4
332,0
333,5
334,5
335,4
336,0
337,4
338,2
339,2
340,4
341,1
342,4
343,0
344,2
345,2
346,0
347,2
348,0
349,2
350,0
351,0
352,4
353,2
354,2
355,0
356,2
357,0
358,0
359,5
360,1
361,2
362,3
363,4
364,5
365,4
366,1
367,2
368,5
369,0
370,0
371,2
372,5
373,1
374,2
375,0
376,2
377,0
378,4
379,2
380,1
381,0
382,1
383,1
384,0
385,2
386,2
387,0
388,0
389,1
390,0
391,5
392,0
393,0
394,1
395,5
396,2
397,2
398,0
399,2
400,4
401,2
402,4
403,4
404,0
405,0
406,0
407,0
408,4
409,5
410,0
411,4
412,5
413,1
414,4
415,5
416,2
417,2
418,1
419,0
420,2
421,2
422,2
423,4
424,0
425,0
426,1
427,0
428,2
429,1
430,2
431,1
432,5
433,0
434,2
435,4
436,3
437,1
438,5
439,0
440,1
441,0
442,4
443,5
444,4
445,4
446,0
447,0
448,0
449,5
450,4
451,1
452,1
453,4
454,1
455,0
456,0
457,0
458,0
459,0
460,4
461,0
462,2
463,0
464,5
465,0
466,0
467,2
468,0
469,1
470,4
471,0
472,1
473,3
474,2
475,2
476,0
477,0
478,0
479,0
480,1
481,2
482,4
483,4
484,3
485,1
486,4
487,2
488,1
489,0
490,3
491,1
492,1
493,4
494,0
495,2
496,1
497,2
498,1
499,4
500,5
501,0
502,1
503,0
504,2
505,0
506,2
507,1
508,1
509,2
510,1
511,1
512,3
513,1
514,2
515,5
516,2
517,0
518,2
519,2
520,0
521,1
522,0
523,4
524,2
525,1
526,0
527,2
528,1
529,2
530,0
531,2
532,0
533,4
534,0
535,2
536,2
537,4
538,1
539,2
540,0
541,5
542,1
543,1
544,5
545,0
546,0
547,2
548,4
549,4
550,2
551,5
552,0
553,1
554,5
555,2
556,2
557,1
558,4
559,2
560,0
561,2
562,0
563,2
564,0
565,1
566,0
567,1
568,2
569,4
570,1
571,1
572,5
573,0
574,0
575,1
576,0
577,5
578,1
579,0
580,2
581,1
582,1
583,2
584,2
585,2
586,2
587,2
588,0
589,2
590,1
591,1
592,4
593,2
594,4
595,0
596,0
597,2
598,0
599,1
600,2
601,1
602,4
603,1
604,1
605,1
606,4
607,1
608,2
609,4
610,0
611,0
612,4
613,4
614,2
615,1
616,2
617,0
618,4
619,5
620,4
621,1
622,0
623,0
624,1
625,0
626,0
627,0
628,2
629,1
630,3
631,1
632,5
633,4
634,3
635,2
636,2
637,2
638,3
639,0
640,1
641,0
642,4
643,1
644,0
645,1
646,2
647,2
648,0
649,2
650,1
651,2
652,3
653,2
654,3
655,1
656,4
657,2
658,0
659,4
660,2
661,4
662,2
663,0
664,2
665,1
666,1
667,1
668,2
669,0
670,0
671,4
672,1
673,1
674,4
675,1
676,4
677,2
678,0
679,4
680,0
681,0
682,2
683,4
684,2
685,3
686,2
687,4
688,5
689,0
690,1
691,2
692,5
693,0
694,5
695,2
696,1
697,0
698,0
699,0
700,0
701,3
702,2
703,2
704,4
705,1
706,3
707,4
708,0
709,0
710,2
711,0
712,2
713,4
714,0
715,1
716,0
717,1
718,2
719,0
720,0
721,1
722,2
723,4
724,4
725,1
726,1
727,1
728,1
729,0
730,1
731,0
732,0
733,0
734,4
735,1
736,0
737,4
738,0
739,0
740,2
741,1
742,5
743,1
744,5
745,0
746,0
747,2
748,0
749,2
750,0
751,2
752,1
753,2
754,1
755,5
756,5
757,1
758,0
759,5
760,1
761,4
762,4
763,3
764,1
765,0
766,4
767,0
768,0
769,1
770,2
771,5
772,0
773,0
774,1
775,4
776,1
777,4
778,0
779,0
780,0
781,0
782,0
783,0
784,1
785,5
786,1
787,4
788,0
789,1
790,1
791,0
792,1
793,1
794,3
795,0
796,3
797,2
798,2
799,4
800,2
801,0
802,0
803,1
804,4
805,4
806,3
807,1
808,0
809,0
810,5
811,2
812,1
813,2
814,3
815,0
816,0
817,2
818,0
819,2
820,5
821,0
822,0
823,2
824,4
825,1
826,4
827,1
828,0
829,0
830,0
831,2
832,5
833,0
834,0
835,0
836,0
837,1
838,1
839,0
840,1
841,2
842,0
843,2
844,4
845,4
846,0
847,0
848,1
849,1
850,1
851,4
852,2
853,2
854,2
855,1
856,1
857,0
858,0
859,2
860,3
861,0
862,2
863,1
864,0
865,1
866,2
867,2
868,1
869,1
870,1
871,1
872,0
873,0
874,0
875,1
876,2
877,2
878,4
879,1
880,0
881,0
882,0
883,2
884,4
885,1
886,2
887,1
888,0
889,0
890,2
891,0
892,0
893,4
894,5
895,2
896,3
897,2
898,2
899,4
900,5
901,0
902,4
903,0
904,0
905,2
906,0
907,4
908,5
909,5
910,1
911,0
912,4
913,2
914,4
915,0
916,2
917,0
918,0
919,1
920,5
921,2
922,4
923,2
924,4
925,4
926,0
927,3
928,2
929,2
930,2
931,2
932,1
933,2
934,0
935,2
936,1
937,1
938,0
939,2
940,0
941,2
942,2
943,0
944,5
945,0
946,4
947,4
948,0
949,1
950,2
951,1
952,0
953,0
954,1
955,2
956,0
957,3
958,1
959,4
960,5
961,4
962,0
963,1
964,0
965,0
966,2
967,2
968,0
969,4
970,1
971,3
972,4
973,1
974,2
975,1
976,0
977,2
978,1
979,4
980,0
981,2
982,2
983,4
984,5
985,1
986,2
987,0
988,2
989,0
990,4
991,4
992,0
993,4
994,2
995,5
996,3
997,0
998,0
999,1
1000,4
1001,1
1002,1
1003,2
1004,1
1005,2
1006,4
1007,2
1008,1
1009,1
1010,0
1011,1
1012,2
1013,1
1014,1
1015,2
1016,4
1017,5
1018,2
1019,2
1020,1
1021,3
1022,1
1023,0
1024,5
1025,5
1026,0
1027,2
1028,0
1029,5
1030,2
1031,0
1032,1
1033,2
1034,1
1035,0
1036,5
1037,1
1038,2
1039,0
1040,2
1041,2
1042,5
1043,0
1044,1
1045,0
1046,0
1047,2
1048,0
1049,5
1050,2
1051,2
1052,0
1053,1
1054,0
1055,5
1056,5
1057,1
1058,1
1059,0
1060,5
1061,0
1062,0
1063,0
1064,0
1065,4
1066,0
1067,4
1068,0
1069,0
1070,0
1071,4
1072,2
1073,2
1074,1
1075,4
1076,0
1077,2
1078,2
1079,1
1080,1
1081,1
1082,2
1083,0
1084,1
1085,5
1086,1
1087,4
1088,0
1089,2
1090,1
1091,0
1092,1
1093,3
1094,1
1095,0
1096,4
1097,4
1098,1
1099,1
1100,1
1101,0
1102,0
1103,0
1104,2
1105,0
1106,1
1107,5
1108,1
1109,2
1110,1
1111,1
1112,4
1113,1
1114,5
1115,2
1116,2
1117,2
1118,0
1119,0
1120,3
1121,0
1122,2
1123,4
1124,5
1125,1
1126,0
1127,4
1128,1
1129,0
1130,5
1131,3
1132,2
1133,4
1134,1
1135,0
1136,2
1137,0
1138,3
1139,0
1140,4
1141,0
1142,0
1143,4
1144,0
1145,0
1146,1
1147,4
1148,5
1149,4
1150,0
1151,1
1152,2
1153,4
1154,4
1155,4
1156,0
1157,2
1158,0
1159,2
1160,4
1161,5
1162,0
1163,0
1164,0
1165,2
1166,0
1167,0
1168,2
1169,1
1170,1
1171,1
1172,4
1173,2
1174,4
1175,5
1176,2
1177,0
1178,2
1179,1
1180,1
1181,1
1182,0
1183,4
1184,1
1185,0
1186,1
1187,2
1188,0
1189,3
1190,5
1191,0
1192,5
1193,1
1194,0
1195,3
1196,1
1197,0
1198,4
1199,0
1200,2
1201,0
1202,5
1203,1
1204,2
1205,0
1206,2
1207,1
1208,2
1209,0
1210,0
1211,0
1212,1
1213,5
1214,0
1215,5
1216,1
1217,4
1218,1
1219,5
1220,1
1221,2
1222,2
1223,0
1224,1
1225,2
1226,0
1227,2
1228,1
1229,2
1230,0
1231,0
1232,1
1233,1
1234,4
1235,0
1236,4
1237,2
1238,4
1239,5
1240,0
1241,0
1242,1
1243,2
1244,2
1245,0
1246,5
1247,0
1248,0
1249,0
1250,0
1251,1
1252,1
1253,0
1254,1
1255,2
1256,4
1257,1
1258,2
1259,0
1260,1
1261,5
1262,4
1263,1
1264,0
1265,1
1266,2
1267,0
1268,4
1269,4
1270,1
1271,1
1272,3
1273,5
1274,1
1275,0
1276,5
1277,2
1278,0
1279,2
1280,0
1281,2
1282,1
1283,0
1284,0
1285,0
1286,0
1287,0
1288,1
1289,0
1290,4
1291,1
1292,2
1293,0
1294,2
1295,0
1296,0
1297,4
1298,5
1299,1
1300,4
1301,2
1302,0
1303,0
1304,2
1305,4
1306,2
1307,2
1308,2
1309,2
1310,1
1311,2
1312,2
1313,2
1314,2
1315,2
1316,2
1317,4
1318,0
1319,1
1320,5
1321,2
1322,0
1323,0
1324,4
1325,4
1326,5
1327,4
1328,0
1329,0
1330,4
1331,4
1332,1
1333,3
1334,1
1335,2
1336,0
1337,0
1338,0
1339,1
1340,0
1341,4
1342,4
1343,1
1344,2
1345,4
1346,2
1347,2
1348,5
1349,0
1350,2
1351,1
1352,2
1353,0
1354,5
1355,1
1356,2
1357,4
1358,2
1359,1
1360,1
1361,0
1362,0
1363,4
1364,2
1365,0
1366,3
1367,0
1368,2
1369,0
1370,1
1371,0
1372,3
1373,0
1374,1
1375,3
1376,1
1377,2
1378,2
1379,0
1380,1
1381,2
1382,2
1383,0
1384,0
1385,4
1386,0
1387,0
1388,0
1389,0
1390,4
1391,0
1392,1
1393,2
1394,1
1395,1
1396,1
1397,1
1398,1
1399,2
1400,2
1401,0
1402,1
1403,2
1404,0
1405,0
1406,2
1407,0
1408,0
1409,0
1410,2
1411,1
1412,0
1413,1
1414,1
1415,0
1416,0
1417,5
1418,0
1419,2
1420,0
1421,4
1422,2
1423,1
1424,2
1425,2
1426,2
1427,2
1428,2
1429,4
1430,0
1431,1
1432,0
1433,1
1434,0
1435,3
1436,2
1437,0
1438,0
1439,0
1440,0
1441,1
1442,1
1443,1
1444,2
1445,0
1446,2
1447,2
1448,2
1449,2
1450,3
1451,2
1452,4
1453,0
1454,0
1455,2
1456,0
1457,0
1458,0
1459,0
1460,2
1461,4
1462,0
1463,4
1464,1
1465,0
1466,5
1467,0
1468,2
1469,1
1470,2
1471,2
1472,1
1473,4
1474,1
1475,5
1476,4
1477,0
1478,0
1479,4
1480,2
1481,5
1482,1
1483,4
1484,2
1485,0
1486,0
1487,1
1488,0
1489,2
1490,2
1491,0
1492,1
1493,5
1494,4
1495,5
1496,0
1497,2
1498,0
1499,0
1500,0
1501,2
1502,0
1503,0
1504,5
1505,2
1506,4
1507,0
1508,0
1509,1
1510,1
1511,1
1512,4
1513,3
1514,5
1515,4
1516,2
1517,4
1518,2
1519,0
1520,1
1521,1
1522,1
1523,1
1524,3
1525,1
1526,0
1527,4
1528,1
1529,2
1530,0
1531,2
1532,5
1533,2
1534,0
1535,2
1536,2
1537,1
1538,0
1539,1
1540,1
1541,0
1542,0
1543,2
1544,4
1545,2
1546,2
1547,2
1548,1
1549,0
1550,0
1551,0
1552,4
1553,2
1554,4
1555,2
1556,0
1557,0
1558,2
1559,2
1560,2
1561,4
1562,3
1563,2
1564,0
1565,2
1566,5
1567,0
1568,0
1569,0
1570,3
1571,0
1572,1
1573,2
1574,1
1575,1
1576,0
1577,2
1578,1
1579,0
1580,0
1581,2
1582,3
1583,2
1584,5
1585,0
1586,0
1587,2
1588,0
1589,1
1590,2
1591,0
1592,2
1593,0
1594,2
1595,0
1596,0
1597,5
1598,2
1599,4
1600,1
1601,2
1602,0
1603,0
1604,2
1605,3
1606,0
1607,5
1608,2
1609,1
1610,2
1611,0
1612,2
1613,2
1614,4
1615,2
1616,0
1617,4
1618,4
1619,2
1620,0
1621,5
1622,0
1623,1
1624,1
1625,2
1626,4
1627,0
1628,1
1629,1
1630,4
1631,1
1632,5
1633,2
1634,4
1635,1
1636,5
1637,0
1638,1
1639,2
1640,4
1641,2
1642,1
1643,1
1644,5
1645,2
1646,1
1647,1
1648,4
1649,5
1650,1
1651,0
1652,4
1653,4
1654,2
1655,2
1656,4
1657,2
1658,0
1659,0
1660,0
1661,2
1662,0
1663,3
1664,2
1665,0
1666,4
1667,2
1668,0
1669,0
1670,0
1671,4
1672,4
1673,1
1674,0
1675,0
1676,0
1677,5
1678,0
1679,0
1680,0
1681,2
1682,1
1683,0
1684,0
1685,2
1686,1
1687,0
1688,0
1689,1
1690,0
1691,2
1692,2
1693,2
1694,0
1695,0
1696,2
1697,2
1698,1
1699,5
1700,0
1701,2
1702,1
1703,2
1704,1
1705,2
1706,0
1707,2
1708,1
1709,3
1710,1
1711,2
1712,2
1713,5
1714,2
1715,0
1716,4
1717,3
1718,1
1719,1
1720,4
1721,5
1722,4
1723,2
1724,5
1725,1
1726,0
1727,0
1728,1
1729,0
1730,5
1731,4
1732,0
1733,2
1734,5
1735,1
1736,0
1737,4
1738,2
1739,0
1740,4
1741,1
1742,4
1743,1
1744,2
1745,2
1746,4
1747,5
1748,1
1749,0
1750,2
1751,1
1752,0
1753,1
1754,1
1755,2
1756,1
1757,0
1758,0
1759,2
1760,4
1761,1
1762,0
1763,2
1764,1
1765,0
1766,0
1767,3
1768,2
1769,4
1770,4
1771,1
1772,0
1773,4
1774,4
1775,1
1776,1
1777,1
1778,2
1779,0
1780,5
1781,2
1782,0
1783,2
1784,2
1785,1
1786,1
1787,0
1788,4
1789,1
1790,1
1791,2
1792,0
1793,2
1794,1
1795,3
1796,1
1797,0
1798,0
1799,4
1800,1
1801,0
1802,2
1803,3
1804,2
1805,4
1806,2
1807,0
1808,4
1809,0
1810,0
1811,1
1812,1
1813,1
1814,2
1815,5
1816,3
1817,4
1818,0
1819,0
1820,1
1821,2
1822,5
1823,0
1824,5
1825,0
1826,0
1827,0
1828,0
1829,1
1830,1
1831,4
1832,0
1833,1
1834,0
1835,4
1836,4
1837,1
1838,1
1839,2
1840,0
1841,4
1842,1
1843,1
1844,1
1845,0
1846,2
1847,5
1848,1
1849,2
1850,0
1851,2
1852,1
1853,4
1854,5
1855,1
1856,2
1857,1
1858,1
1859,2
1860,4
1861,1
1862,4
1863,4
1864,3
1865,4
1866,5
1867,0
1868,0
1869,4
1870,4
1871,4
1872,5
1873,4
1874,2
1875,1
1876,2
1877,0
1878,4
1879,1
1880,0
1881,0
1882,0
1883,1
1884,1
1885,4
1886,0
1887,0
1888,2
1889,1
1890,3
1891,0
1892,0
1893,2
1894,2
1895,3
1896,0
1897,1
1898,2
1899,1
1900,0
1901,0
1902,1
1903,2
1904,2
1905,4
1906,1
1907,4
1908,2
1909,2
1910,2
1911,4
1912,3
1913,4
1914,4
1915,1
1916,3
1917,1
1918,4
1919,1
1920,2
1921,4
1922,5
1923,5
1924,1
1925,2
1926,1
1927,2
1928,5
1929,4
1930,0
1931,1
1932,2
1933,4
1934,2
1935,2
1936,0
1937,0
1938,0
1939,0
1940,2
1941,2
1942,5
1943,2
1944,1
1945,1
1946,0
1947,4
1948,2
1949,0
1950,2
1951,0
1952,1
1953,0
1954,2
1955,2
1956,0
1957,1
1958,2
1959,0
1960,1
1961,2
1962,0
1963,0
1964,2
1965,5
1966,0
1967,2
1968,4
1969,1
1970,1
1971,0
1972,2
1973,0
1974,2
1975,2
1976,2
1977,2
1978,0
1979,1
1980,0
1981,1
1982,1
1983,2
1984,2
1985,2
1986,0
1987,0
1988,0
1989,4
1990,2
1991,4
1992,0
1993,4
1994,0
1995,2
1996,1
1997,2
1998,2
1999,5
2000,0
2001,5
2002,4
2003,3
2004,4
2005,0
2006,0
2007,1
2008,1
2009,0
2010,1
2011,1
2012,2
2013,2
2014,0
2015,1
2016,0
2017,1
2018,1
2019,4
2020,2
2021,0
2022,1
2023,1
2024,0
2025,4
2026,2
2027,4
2028,4
2029,1
2030,4
2031,2
2032,5
2033,0
2034,2
2035,1
2036,2
2037,0
2038,1
2039,0
2040,0
2041,2
2042,2
2043,1
2044,0
2045,2
2046,1
2047,0
2048,0
2049,1
2050,2
2051,2
2052,3
2053,3
2054,1
2055,0
2056,2
2057,0
2058,1
2059,1
2060,0
2061,5
2062,2
2063,4
2064,2
2065,4
2066,0
2067,4
2068,0
2069,1
2070,1
2071,1
2072,1
2073,2
2074,5
2075,2
2076,2
2077,4
2078,2
2079,1
2080,1
2081,0
2082,0
2083,2
2084,5
2085,1
2086,1
2087,1
2088,1
2089,5
2090,4
2091,0
2092,0
2093,0
2094,2
2095,0
2096,2
2097,0
2098,1
2099,2
2100,3
2101,3
2102,4
2103,3
2104,0
2105,2
2106,2
2107,2
2108,1
2109,2
2110,1
2111,0
2112,4
2113,4
2114,1
2115,1
2116,5
2117,2
2118,2
2119,2
2120,2
2121,5
2122,5
2123,4
2124,1
2125,2
2126,0
2127,1
2128,0
2129,0
2130,4
2131,4
2132,0
2133,1
2134,0
2135,0
2136,1
2137,0
2138,0
2139,4
2140,0
2141,4
2142,2
2143,2
2144,1
2145,1
2146,2
2147,0
2148,0
2149,2
2150,1
2151,0
2152,3
2153,2
2154,0
2155,4
2156,4
2157,0
2158,1
2159,2
2160,4
2161,4
2162,5
2163,0
2164,0
2165,0
2166,2
2167,4
2168,1
2169,2
2170,1
2171,2
2172,0
2173,1
2174,1
2175,2
2176,0
2177,0
2178,4
2179,1
2180,0
2181,1
2182,1
2183,1
2184,0
